client_id,client_first_name,client_last_name
1068,Pollyanna,Dex
1069,Caritta,Gilmour
1070,Cathie,Vittoria
1071,Carilyn,Ardeha
1072,Bernie,Amand
1073,Consuela,Middleton
1074,Dyann,Reinke
1075,Zondra,Albertine
1076,Doralynne,Eachern
1077,Kristina,Ingra
1078,Adele,Anderea
1079,Nollie,Alcott
1080,Beverley,Hepsibah
1081,Roseline,Garek
1082,Alyssa,Carbo
1083,Glenda,Emanuel
1084,Nonnah,Tryck
1085,Deirdre,Liebermann
1086,Dotty,Georgy
1087,Marinna,Sibyls
1088,Ebonee,Odell
1089,Susan,Dom
1090,Patricia,Deegan
1091,Phedra,Zrike
1092,Letizia,Suzetta
1093,Ricky,Luhe
1094,Gerianna,Seessel
1095,Sherrie,Orpah
1096,Elvira,Ursulette
1097,Melisent,Louanna
1098,Dolli,Talia
1099,Kittie,Breed
1100,Louella,Girardo
1101,Emma,Meli
1102,Janis,Brady
1103,Gaylene,Imelida
1104,Chloris,Kaja
1105,Olivette,Byrne
1106,Elora,Tillford
1107,Deloria,Baudin
1108,Adele,Loring
1109,Roslyn,Tamsky
1110,Brianna,Kenney
1111,Desirae,Barrus
1112,Mathilda,Grimbly
1113,Fanchon,Kinnard
1114,Winifred,Wooster
1115,Cacilie,Faso
1116,Jsandye,Juliet
1117,Gloria,Whiffen
1118,Lelah,Anestassia
1119,Adore,Bibi
1120,Carolina,Lail
1121,Emilia,Erich
1122,Max,Jehu
1123,Correy,Daniele
1124,Daryl,Tatianas
1125,Kerrin,Sinegold
1126,Ezmeralda,Moina
1127,Carlie,Lanita
1128,Blinni,O'Rourke
1129,Dede,Thornburg
1130,Tabbatha,Craggie
1131,Corene,Eben
1132,Jacenta,Emmy
1133,Betta,Zina
1134,Ilse,Pond
1135,Latisha,Schlosser
1136,Caritta,Pelagias
1137,Edyth,Henrie
1138,Barbi,Natica
1139,Sophia,Tound
1140,Madelle,Mozelle
1141,Lila,Blase
1142,Renie,Roche
1143,Rebeca,Allare
1144,Merrie,Bari
1145,Bobbi,Vale
1146,Rani,Chrystel
1147,Meriel,Lareena
1148,Josephine,Sammons
1149,Kassey,Artie
1150,Sibella,Tarrant
1151,Blinni,Romelda
1152,Shannah,Francyne
1153,Patricia,Garek
1154,Hannis,Virgin
1155,Dale,Baudin
1156,Nollie,August
1157,Grier,Simmonds
1158,Sallie,Mayeda
1159,Sonni,Aloise
1160,Donetta,Thunell
1161,Latisha,Pulsifer
1162,Lauryn,Bennie
1163,Kellen,Anastatius
1164,Demetris,Cullin
1165,Maridel,Zola
1166,Sibella,Deny
1167,Rosanne,Kellby
1168,Alleen,Atonsah
1169,Livvyy,Cookie
1170,Micheline,Adamsen
1171,Bee,Iphlgenia
1172,Mariele,Bow
1173,Drucie,Macey
1174,Charissa,Fairweather
1175,Petronia,Sacken
1176,Abbie,Tound
1177,Ketti,Graig
1178,Angelique,Wittie
1179,Teriann,Koziara
1180,Gale,Middleton
1181,Jessamyn,Nester
1182,Melodie,Hazlett
1183,Di,Shama
1184,Fanny,Ashely
1185,Cecile,Jaylene
1186,Bernardine,Docilla
1187,Micheline,Bronk
1188,Roslyn,Howlyn
1189,Jacquetta,Quinn
1190,Ann-Marie,Dex
1191,Gerianna,Peti
1192,Lilith,Rolf
1193,Flory,Hathaway
1194,Heddie,Francyne
1195,Vinita,Casimir
1196,Allis,Lanita
1197,Elbertina,Annice
1198,Marjie,Linehan
1199,Gisela,Grosz
1200,Vevay,Nicoline
1201,Raina,Geffner
1202,Gavrielle,Leopold
1203,Eolanda,Adrienne
1204,Bill,Othilia
1205,Mireielle,Rooney
1206,Paulita,Bultman
1207,Hope,Zetta
1208,Zsa Zsa,Corilla
1209,Leona,Crudden
1210,Sissy,Frendel
1211,Kial,McLaughlin
1212,Rosene,Presber
1213,Priscilla,Lorain
1214,Bernie,Helve
1215,Flo,Sprage
1216,Kalina,Delacourt
1217,Jacquetta,Anastatius
1218,Lanae,Even
1219,Lenna,Lalitta
1220,Ariela,Trace
1221,Darci,Salvidor
1222,Krystle,Dalli
1223,Dode,Avi
1224,Larine,Donell
1225,Lanna,Ardra
1226,Madeleine,Baylor
1227,Adriana,Presber
1228,Tybie,Zamora
1229,Thalia,Orlene
1230,Kaja,Sadowski
1231,Agathe,Cath
1232,Mamie,Marden
1233,Madalyn,Iaverne
1234,Madelle,Francyne
1235,Kelly,Jammal
1236,Merry,Hunfredo
1237,Oralee,Yate
1238,Selma,Bethany
1239,Bettine,Pearse
1240,Barbara,Judye
1241,Vanessa,Hieronymus
1242,Sissy,Flyn
1243,Nariko,Martsen
1244,Max,Bouchard
1245,Teddie,Allys
1246,Lory,Emmy
1247,Shell,Melony
1248,Thalia,Ardra
1249,Mallory,Skell
1250,Corina,Infield
1251,Marline,Aida
1252,Sallie,Poll
1253,Allyce,Diogenes
1254,Alex,Weaks
1255,Corly,Pozzy
1256,Edith,Ioab
1257,Mallory,Arley
1258,Lorenza,Natalia
1259,Nessie,McLaughlin
1260,Gusty,Rese
1261,Larine,Uund
1262,Ivett,Eldrid
1263,Tracey,Bonilla
1264,Coral,Granoff
1265,Therine,Hewitt
1266,Cacilie,Dannye
1267,Basia,Lea
1268,Starla,Demitria
1269,Joleen,Barney
1270,Tierney,Harriman
1271,Gratia,Bari
1272,Jenilee,Audly
1273,Darlleen,Dowski
1274,Gale,Lymann
1275,Bee,Alejoa
1276,Alyda,Anastatius
1277,Jessy,Gower
1278,Stacey,Laverne
1279,Claudina,Annabella
1280,Wileen,Gerge
1281,Dyann,Seagraves
1282,Karena,Lowry
1283,Keelia,Stav
1284,Marylou,Eiser
1285,Selma,Erich
1286,Loree,Sherrie
1287,Concettina,Claudine
1288,Natka,Kendrick
1289,Dorice,Even
1290,Jeanna,Zachary
1291,Sherrie,Friede
1292,Melodie,Brunell
1293,Gratia,Lymann
1294,Albertina,Nahum
1295,Latisha,Shields
1296,Kayla,Tufts
1297,Brena,Chick
1298,Genovera,Bivins
1299,Ezmeralda,Dannye
1300,Marsiella,Letsou
1301,Carmela,Lilybelle
1302,Winifred,Anis
1303,Betta,Amethist
1304,Gratia,Gavrila
1305,Mariele,Eno
1306,Phylis,Stelle
1307,Kaia,Fillbert
1308,Barbi,Ricarda
1309,Suzette,Keily
1310,Peri,Chaing
1311,Inga,Pulsifer
1312,Dorice,Riva
1313,Alyda,Zachary
1314,Raquela,Erich
1315,Amii,Moseley
1316,Jemie,Sallyann
1317,Kathy,Joni
1318,Elsie,Himelman
1319,Jackie,Chesna
1320,Albertina,Hedve
1321,Beatriz,Callista
1322,Amelia,Bethany
1323,Jacenta,Publia
1324,Talya,Barrus
1325,Nyssa,Ciro
1326,Neila,Weitman
1327,Genovera,Kenney
1328,Bibby,Joachim
1329,Valera,Ambrosia
1330,Lilith,Darbie
1331,Brianna,Bonilla
1332,Marjie,Albertine
1333,Jeanna,Vins
1334,Philis,Harl
1335,Ezmeralda,Pierette
1336,Tressa,Lucienne
1337,Kittie,Tyson
1338,Raina,Dawkins
1339,Glenda,Armanda
1340,Shannah,Carbo
1341,Veda,Gaspard
1342,Maud,Stuart
1343,Tierney,Cutlerr
1344,Damaris,Fleeta
1345,Sheelagh,Infield
1346,Tabbatha,Jena
1347,Merle,Adore
1348,Clarice,Martsen
1349,Janenna,Maples
1350,Jessamyn,Ivens
1351,Sharlene,Cimbura
1352,Cherilyn,Felizio
1353,Max,Karl
1354,Moyna,Annice
1355,Aimil,Cookie
1356,Elbertina,Edmund
1357,Eugine,Cullin
1358,Konstance,Merell
1359,Misha,Olnee
1360,Mariann,Rogerio
1361,Tina,Lissi
1362,Valeda,Pond
1363,Georgina,Iaverne
1364,Helsa,Heidt
1365,Viki,Thar
1366,Lonnie,Lacombe
1367,Goldie,Louanna
1368,Gretal,Junie
1369,Cam,Clywd
1370,Ebonee,Israeli
1371,Gerrie,Kermit
1372,Maye,Percy
1373,Nonnah,Jacinda
1374,Ebonee,Jotham
1375,Sissy,Hathaway
1376,Fina,Alrich
1377,Jemie,Judye
1378,Ileana,Reinke
1379,Ilse,Cecile
1380,Dode,Leonard
1381,Cam,Dawkins
1382,Emelina,Tomasina
1383,Maud,Fleeta
1384,Frieda,Wind
1385,Libbie,Goode
1386,Jackie,Shelba
1387,Asia,Alisia
1388,Tressa,Dunkin
1389,Ekaterina,Aloise
1390,Shauna,Nickola
1391,Sherrie,Armanda
1392,Fred,Gavrila
1393,Shaine,Bebe
1394,Deane,Brodench
1395,Kittie,Terencio
1396,Brandise,Flyn
1397,Neila,Olnee
1398,Katleen,Jehu
1399,Kore,Bebe
1400,Audrie,Anis
1401,Petronia,Vivle
1402,Jenilee,Drisko
1403,Adele,Jess
1404,Daphne,Carvey
1405,Lelah,Hachmin
1406,Brana,Justinn
1407,Mallory,Rese
1408,Mary,Gamaliel
1409,Lilith,Brittani
1410,Sallie,Nance
1411,Hayley,Peg
1412,Eadie,Vilma
1413,Raina,Diogenes
1414,Miquela,Berriman
1415,Hallie,Toor
1416,Nananne,Kauppi
1417,Dawn,Pond
1418,Winny,Flyn
1419,Cherilyn,Celestine
1420,Fawne,Justinn
1421,Rani,Teddman
1422,Flory,Albertine
1423,Mildrid,Whittaker
1424,Netty,Astra
1425,Britni,Tarrant
1426,Amii,Paton
1427,Dede,Mendez
1428,Gloria,Lenny
1429,Kelly,Argus
1430,Rosaline,Paine
1431,Ivett,Philoo
1432,Tamqrah,Bethany
1433,Codie,Hollingsworth
1434,Fred,Juan