emp_id,emp_firstname,emplastname
2643,Thalia,Douglass
2644,Hyacinthe,Dunkin
2645,Courtnay,Khorma
2646,Blake,Vins
2647,Chickie,Arley
2648,Ann-Marie,Travax
2649,Vevay,Milson
2650,Neila,Zitvaa
2651,Laurene,Wilona
2652,Lacie,Anton
2653,June,Montgomery
2654,Ebonee,Keelia
2655,Bettine,Ogren
2656,Brynna,Brian
2657,Wileen,Khorma
2658,Marcelline,Paine
2659,Jillayne,Naashom
2660,Inga,Peti
2661,Viki,Sallyann
2662,Nananne,Hashim
2663,Consuela,Ball
2664,Kelly,Maribeth
2665,Gloria,Dahlia
2666,Robbi,Marsden
2667,Correy,Jefferey
2668,Chere,Jacqui
2669,Zia,Roscoe
2670,Penelopa,Wilona
2671,Dode,Buttaro
2672,Bertine,Yerkovich
2673,Shirlee,Seumas
2674,Gusty,Lynn
2675,Shaine,Edison
2676,Florie,Soneson
2677,Wynne,Sinegold
2678,Mary,Berne
2679,Vinita,Edison
2680,Shaylyn,Guthrie
2681,Harmonia,Corabella
2682,Sashenka,Talia
2683,Karina,Valerio
2684,Raina,Parette
2685,Amalie,Delp
2686,Jordan,Brieta
2687,Kathy,Camden
2688,Cherrita,Bonilla
2689,Tatiania,Ellerey
2690,Lynea,Deegan
2691,Celisse,Wiener
2692,Aubrie,Weinreb
2693,Antonietta,Hieronymus
2694,Mariele,Bultman
2695,Eolanda,Sharl
2696,Linet,Damarra
2697,Marylou,Jerold
2698,Carol-Jean,Norrie
2699,Kirbee,Rebecka
2700,Starla,Francyne
2701,Jackie,Berriman
2702,Therine,Longfellow
2703,Charissa,Stefa
2704,Joelly,Tillford
2705,Sophia,Frodi
2706,Merci,Aloise
2707,Cyb,Iiette
2708,Ardys,Ader
2709,Korrie,Urias
2710,Charissa,Carlson
2711,Addia,Fredi
2712,Cherrita,Anis
2713,Gloria,Gusella
2714,Susan,Daveta
2715,Rhea,Thomasina
2716,Jobi,Annice
2717,Rosene,Frodi
2718,Claresta,Alfons
2719,Yetty,Rosalba
2720,Gertrud,Hoenack
2721,Latisha,Old
2722,Kittie,Read
2723,Basia,Barrus
2724,Michaelina,Alexandr
2725,Nicoli,Granoff
2726,Kerrin,Ariella
2727,Morganica,Valerio
2728,Dede,Wooster
2729,Cissiee,Lacombe
2730,Ezmeralda,Bendick
2731,Laurene,Liva
2732,Carmela,Lowry
2733,Beverley,Janene
2734,Bernie,Monaco
2735,Kirstin,Hortensia
2736,Jorry,Wittie
2737,Luci,Clywd
2738,Juliane,Saunderson
2739,Viviene,Sherfield
2740,Stephanie,Vilma
2741,Jemie,Loeb
2742,Hettie,Fitzsimmons
2743,Caryl,Rhu
2744,Deedee,Stacy
2745,Zia,Westphal
2746,Jemie,Koziara
2747,Randa,Margret
2748,Aaren,Tannie
2749,Vonny,Han
2750,Lelah,Jacinda
2751,Fanchon,Constancy
2752,Desirae,Timon
2753,Marline,Israeli
2754,Inga,Gladstone
2755,Lanae,Kiyoshi
2756,Kristan,Rossner
2757,Elyssa,Konyn
2758,Melodie,Ethban
2759,Cam,Middleton
2760,Karina,Fink
2761,Alameda,Brenn
2762,Kellen,Shama
2763,Kerrin,Leler
2764,Brianna,Lowry
2765,Kathy,Berl
2766,Merle,Helve
2767,Corene,Brotherson
2768,Binny,Katrine
2769,Gusella,Hunfredo
2770,Michaelina,Bord
2771,Drucie,Stelle
2772,Lucille,Niles
2773,Dianemarie,Alcott
2774,Doralynne,Sharl
2775,Stephanie,Isacco
2776,Bertine,Trinetta
2777,Letizia,Ball
2778,Susan,Desai
2779,Gwyneth,Jena
2780,Thalia,Rillings
2781,Laure,Gamaliel
2782,Charmaine,Horan
2783,Shaine,Newell
2784,Maryellen,Pozzy
2785,Vere,Gaulin
2786,Gwenneth,Eugenia
2787,Kaja,Byrne
2788,Jemie,Adore
2789,Marguerite,Eno
2790,Cassondra,Melony
2791,Tami,Tacye
2792,Mireielle,Annice
2793,Tomasina,Amadas
2794,Rani,Pyle
2795,Valera,Maxi
2796,Kittie,Ramona
2797,Emmey,Karna
2798,Heida,Marcellus
2799,Jillayne,Center
2800,Esmeralda,Seessel
2801,Magdalena,O'Rourke
2802,Chastity,Pyle
2803,Regina,Camden
2804,Olivette,Terrence
2805,Lilith,Hazlett
2806,Gertrud,Bartlett
2807,Mathilda,Hillel
2808,Shaine,Dituri
2809,Donnie,Holbrook
2810,Fred,Pillsbury
2811,Juliane,Han
2812,Dacia,Kendrick
2813,Tarra,Papageno
2814,Zia,Felecia
2815,Janis,Abram
2816,Melodie,Pillsbury
2817,Blinni,Carleen
2818,Desirae,Brodench
2819,Sharlene,Eckblad
2820,Catharine,Socha
2821,Petronia,Wallis
2822,Renie,Obed
2823,Ileana,Daniele
2824,Orsola,Aldric
2825,Jean,Tyson
2826,Peri,Luhe
2827,Ekaterina,Tound
2828,Fanchon,Cyrie
2829,Rochette,Madox
2830,Corly,Sidonius
2831,Larine,Soneson
2832,Grier,Lacombe
2833,Berget,Peg
2834,Layla,Lea
2835,Adele,Obed
2836,Corene,Engdahl
2837,Wilma,Wenda
2838,Elora,Vorster
2839,Ruthe,Magnolia
2840,Karina,Alcott
2841,Sandie,Elephus
2842,Gisela,Zetta
2843,Tami,Jalbert
2844,Amara,Duwalt
2845,Kirstin,Bryna
2846,Merrie,Noelyn
2847,Yolane,Gaspard
2848,Kaia,Peonir
2849,Ardenia,Uund
2850,Penelopa,Klotz
2851,Amara,Barbey
2852,Kirstin,Markman
2853,Isa,Ioab
2854,Edyth,Joseph
2855,Jemie,Auberbach
2856,Queenie,Mayeda
2857,Yvonne,Sholley
2858,Wendi,Truc
2859,Ericka,Jerold
2860,Lynde,Kunin
2861,Carmela,Roscoe
2862,Katuscha,Ax
2863,Meghann,Izaak
2864,Libbie,Hamil
2865,Halette,Sigfrid
2866,Aubrie,Rossner
2867,Lonnie,Wiener
2868,Evaleen,Carey
2869,Alia,Elsinore
2870,Halette,Truc
2871,Bobbi,Shirberg
2872,Marylou,Curren
2873,Valeda,Irmine
2874,Desirae,Ries
2875,Lelah,Elo
2876,Glynnis,Baudin
2877,Lorie,Viddah
2878,Jemie,Weaks
2879,Allyce,An
2880,Deedee,Milde
2881,Delilah,Zenas
2882,Sabina,Ariella
2883,Feliza,Ricki
2884,Bertine,Percy
2885,Ariela,Meli
2886,Robbi,Ursulette
2887,Gusty,Leonard
2888,Bill,Irmine
2889,Leanna,Buffum
2890,Kelly,Maples
2891,Sibella,Connelly
2892,Andree,Heisel
2893,Christian,Thema
2894,Morganica,Hessler
2895,Joelly,Toni
2896,Fred,Dituri
2897,Caressa,Hailee
2898,Cherrita,Jacqui
2899,Ginnie,Loleta
2900,Hope,Garbe
2901,Babita,Clarissa
2902,Celestyna,Infield
2903,Neila,Alisia
2904,Noelle,Truc
2905,Modestia,Flita
2906,Nerta,Adlare
2907,Carilyn,Robertson
2908,Xylina,Bury
2909,Latisha,Astra
2910,Olivette,Carbo
2911,Iseabal,Berard
2912,Romona,Liva
2913,Maisey,Raimondo
2914,Chickie,Matthew
2915,Dede,Wiener
2916,Tina,Leler
2917,Mara,Sheedy
2918,Orsola,Kylander
2919,Alia,Tristram
2920,Kimberley,Stanwood
2921,Marguerite,Lanita
2922,Carmencita,Carolin
2923,Deirdre,Bari
2924,Mathilda,Lane
2925,Lita,Uund
2926,Perry,Toor
2927,Alia,Suk
2928,Mariann,Aida
2929,Misha,Penelopa
2930,Kristina,Flyn
2931,Larine,Havens
2932,Dyann,Nicoline
2933,Emelina,Amand
2934,Anallese,Kendrick
2935,Correy,Alfons
2936,Eugine,Ardra
2937,Camile,Socha
2938,Raina,Ciapas
2939,Perry,Rudolph
2940,Kerrin,Auberbach
2941,Nyssa,Odysseus
2942,Joane,Rosemary
2943,Kamilah,Chem
2944,Donnie,Nance
2945,Gale,Emmaline
2946,Shannah,Warthman
2947,Grier,Cherianne
2948,Anallese,Llovera
2949,Louella,Tryck
2950,Tressa,Llovera
2951,Lanna,Franza
2952,Korrie,Regan
2953,Aili,Japeth
2954,Anallese,Jenness
2955,Etta,Wildermuth
2956,Roslyn,Buckler
2957,Nickie,Raffo
2958,Mellicent,Sharl
2959,Ronna,Ader
2960,Reeba,Lalitta
2961,Edyth,Ranjiv
2962,Gusella,Ashok
2963,Adore,Croix
2964,Aaren,Elo
2965,Corene,Elvyn
2966,Tami,Fredi
2967,Eadie,Heisel
2968,Nita,Calhoun
2969,Hallie,Ovid
2970,Feliza,Alarise
2971,Lizzie,Mintz
2972,Adelle,Merat
2973,Melisent,Stilwell
2974,Magdalena,Hylan
2975,Andree,Maisey
2976,Nicoli,Joeann
2977,Esmeralda,McClimans
2978,Johna,Alice
2979,Netty,Flyn
2980,Nanete,Durware
2981,Brena,Linehan
2982,Dolli,Viddah
2983,Xylina,Chem
2984,Dotty,Elephus
2985,Trixi,Remmer
2986,Catharine,Fulmer
2987,Madelle,Gahl
2988,Carly,Atcliffe
2989,Ida,Borrell
2990,Moyna,Jotham
2991,Wynne,Reinke
2992,Tilly,Ferrell
2993,Linet,Weinreb
2994,Edith,Lymann
2995,Basia,Lunsford
2996,Mariann,Dulciana
2997,Genevra,Bennie
2998,Kary,Karl
2999,Kylynn,Wilkinson
3000,Aurelie,Hedve
3001,Alex,Chrystel
3002,Sharlene,Laverne
3003,Anthia,Bearnard
3004,Basia,Leopold
3005,Merrie,Ralfston
3006,Shaylyn,Marlie
3007,Meriel,Carey
3008,Marti,Karylin
3009,Jemie,Herrera
3010,Margette,Timon
3011,Charmaine,Norvol
3012,Vinita,Hull
3013,Damaris,Cohdwell
3014,Daune,Dudley
3015,Jenda,Couture
3016,Brianna,Tatianas
3017,Ofilia,Quent
3018,Antonietta,Eckblad
3019,Hannis,Nisbet
3020,Lexine,Sekofski
3021,Yetty,Susannah
3022,Stephanie,Kaete
3023,Averyl,Eugenia
3024,Ida,Janith
3025,Stacey,Abernon
3026,Rayna,Egbert
3027,Beverley,Dowski
3028,Corly,Cookie
3029,Lucy,Brunell
3030,Selma,LaRue
3031,Carol-Jean,Gemini
3032,Ofilia,Emerson
3033,Caryl,Bronk
3034,Carol-Jean,Dorothy
3035,Penelopa,Carvey
3036,Cathyleen,Alcott
3037,Nicoli,Naor
3038,Elbertina,Yusuk
3039,Isa,Demitria
3040,Emilia,Concha
3041,Catrina,Barrus
3042,Kenna,Frodi
3043,Regina,Tacye
3044,Janeczka,Durante
3045,Lynea,Jenness
3046,Therine,Gladstone
3047,Shaine,Diann
3048,Keelia,Nisbet
3049,Brana,Grimbly
3050,Darlleen,Blase
3051,Jorry,Abernon
3052,Phylis,Sundin
3053,Kaja,Alrich
3054,Reeba,Beebe
3055,Lucille,Burkle
3056,Harmonia,Hewitt
3057,Cacilie,Bow
3058,Tersina,Marisa
3059,Gisela,Raychel
3060,Sheree,Faria
3061,Farrah,Hamil
3062,Violet,Cristi
3063,Brooks,Daegal
3064,Allis,Marlie
3065,Tilly,Amand
3066,Julieta,Allare
3067,Noelle,Travax
3068,Selma,Corilla
3069,Penelopa,Jaylene
3070,Shaylyn,Magnolia
3071,Genovera,Posner
3072,Gertrud,Stanwood
3073,Grier,Shuler
3074,Gisela,Jeanne
3075,Fidelia,Destinee
3076,Elyssa,Dearborn
3077,Stacey,Fiann
3078,Lauryn,Sothena
3079,Gilligan,Burkle
3080,Janis,Jefferey
3081,Carmela,Hubert
3082,Tersina,Prober
3083,Arlina,Kaete
3084,Margalo,Sabella
3085,Mellicent,Ovid
3086,Nita,Schwejda
3087,Isa,Kiyoshi
3088,Eolanda,Kelula
3089,Elena,Elsinore
3090,Max,Brackely
3091,Wanda,Baylor
3092,Ebonee,Nedrud
3093,Sadie,Melony
3094,Sabina,Huggins
3095,Margalo,Rese
3096,Felice,Rodmann
3097,Marcy,Gert
3098,Millie,Hoenack
3099,Maud,Thunell
3100,Roberta,Jacinda
3101,Kayla,MacIntosh
3102,Trixi,Gherardo
3103,Arlena,Baptlsta
3104,Charmaine,Whiffen
3105,Dagmar,Munn
3106,Gwenneth,Kat
3107,Lelah,Gerge
3108,Dagmar,Elisha
3109,Caritta,Huggins
3110,Rani,Blake
3111,Adele,Parsaye
3112,Alia,Linskey
3113,Sara-Ann,Iphlgenia
3114,Sean,Solitta
3115,Kimmy,Muriel
3116,Ricky,Wallis
3117,Jerry,Fax
3118,Trixi,Lia
3119,Florencia,Jaylene
3120,Catharine,Drus
3121,Karolina,Zuzana
3122,Kore,Joni
3123,Tomasina,Joseph
3124,Albertina,Socha
3125,Isa,Velick
3126,Gaylene,Alabaster
3127,Orsola,Poppy
3128,Desirae,Pacorro
3129,Alie,Marsden
3130,Mildrid,Auberbach
3131,Hyacinthe,Gaspard
3132,Lorne,Uund
3133,Felice,Pandolfi
3134,Basia,Ruvolo
3135,Therine,Pearse
3136,Jere,Pandolfi
3137,Tomasina,Carbo
3138,Dorothy,Alfons
3139,Fanchon,Mehalek
3140,Zsa Zsa,Kermit
3141,Coral,Skurnik
3142,Doralynne,Iaverne
3143,Leanna,Iphlgenia
3144,Genevra,Toni
3145,Esmeralda,Lail
3146,Tonia,Francene
3147,Desirae,Newell
3148,Johna,Nedrud
3149,Annecorinne,Sperling
3150,Chere,Izaak
3151,Carilyn,Jaylene
3152,Caressa,Quent
3153,Rosaline,Saunderson
3154,Yetty,Annabella
3155,Christal,Allys
3156,Aubrie,Tacye
3157,Sonni,Korey
3158,Lizzie,Parette
3159,Ann-Marie,Eliathas
3160,Sonni,Rad
3161,Yvonne,Emerson
3162,Elie,Willie
3163,Harrietta,Lynn
3164,Sadie,Madaih
3165,Lilith,Thilda
3166,Marsiella,Kelula
3167,Tera,Katrine
3168,Marita,Pauly
3169,Jacquetta,Diann
3170,Halette,Kosey
3171,Lacie,Waite
3172,Hettie,Cutlerr
3173,Jemie,Guildroy
3174,Ardenia,Idelia
3175,Dale,Fiester
3176,Barbi,Jerold
3177,Karlee,Connelly
3178,Drucie,Primalia
3179,Ethel,Selway
3180,Tilly,Amasa
3181,Tersina,Ries
3182,Viviene,Poll
3183,Jeanna,Cassius
3184,Ardys,Woodberry
3185,Kenna,Stav
3186,Cristine,Secrest
3187,Valli,Ambrosia
3188,Lonnie,Olnee
3189,Gusella,Dituri
3190,Annabela,Wenoa
3191,Kayla,Cleavland
3192,Corina,Gaspard
3193,Dyann,Stefa
3194,Mady,Maisey
3195,Ketti,Dorcy
3196,Dorthy,Faso
3197,Nariko,Shanley
3198,Mellicent,Eckblad
3199,Gui,Brodench
3200,Caryl,Odysseus
3201,Stacey,Hortensia
3202,Orelia,Lamoree
3203,Kristina,Stoller
3204,Jan,Tatianas
3205,Aryn,Ilka
3206,Penelopa,Gilbertson
3207,Margette,Nicoline
3208,Patricia,Gabrielli
3209,Roseline,Joli
3210,Jsandye,Isidore
3211,Chrystel,Arvo
3212,Alejandra,Lorain
3213,Gui,Ashely
3214,Kate,Mandler
3215,Winny,Ashok
3216,Beatriz,Vorster
3217,Darlleen,Mandler
3218,Ira,Kirbee
3219,Lanna,Guthrie
3220,Cyb,Emanuel
3221,Adore,Izaak
3222,Hannis,Cutlerr
3223,Sadie,Podvin
3224,Daphne,Chrystel
3225,Lorenza,Kannry
3226,Celestyna,Letsou
3227,Shaine,Seligman
3228,Keelia,Briney
3229,Priscilla,Timon
3230,Millie,Gerge
3231,Daryl,Latini
3232,Abbie,Karylin
3233,Carilyn,Lucienne
3234,Brooks,Stacy
3235,Helena,Drus
3236,Basia,Sholley
3237,Minda,Ulphia
3238,Ashlee,Libna
3239,Florencia,Jary
3240,Cathie,Charity
3241,Merle,Eugenia
3242,Starla,Merriott
3243,Linet,Keelia
3244,Hannis,Carmena
3245,Imojean,Tomasina
3246,Melina,Wildermuth
3247,Kenna,Thomasina
3248,Dominga,Winthorpe
3249,Deedee,Atcliffe
3250,Hannis,Middleton
3251,Tersina,Daegal
3252,Georgina,Stefa
3253,Cathie,Cavan
3254,Audrie,Carri
3255,Shel,Zola
3256,Ernesta,Fry
3257,Beverley,Abernon
3258,Lonnie,Pillsbury
3259,Aryn,Lynn
3260,Rebeca,Fax
3261,Dyann,Tound
3262,Minne,Chaing
3263,Mamie,Wittie
3264,Ira,Scammon
3265,Beverley,Alarise
3266,Ericka,Hilbert
3267,Sherrie,Blake
3268,Dale,Buttaro
3269,Sindee,Swanhildas
3270,Queenie,Valoniah
3271,Olwen,Ochs
3272,Jemie,Nadia
3273,Jean,Hunfredo
3274,Bill,Koehler
3275,Valeda,Janith
3276,Shandie,Selway
3277,Gretal,Grobe
3278,Marcy,Seumas
3279,Cathie,Kolnick
3280,Glynnis,Hunfredo
3281,Merrie,Lanita
3282,Randa,Rocray
3283,Teddie,Corrine
3284,Jsandye,Barney
3285,Jenda,Judye
3286,Jackie,Mott
3287,Ottilie,Cassius
3288,Jenda,Lubin
3289,Tybie,Travax
3290,Verla,O'Neill
3291,Diena,Roarke
3292,Emilia,Kirbee
3293,Amii,Sidonius
3294,Carree,Billye
3295,Meg,Dorothy
3296,Valeda,Goth
3297,Donetta,Morgun
3298,Maryellen,Bendick
3299,Alameda,Ciro
3300,Jessamyn,Uund
3301,Diena,Garrison
3302,Alisha,Amadas
3303,Valeda,Maiah
3304,Hildegaard,Iaverne
3305,Emelina,Tybald
3306,Sadie,Faso
3307,Celisse,Hermes
3308,Genovera,Stuart
3309,Shannah,Bates
3310,Tiffie,Oneida
3311,Annaliese,Ardra
3312,Gabi,Lauraine
3313,Madalyn,Anastatius
3314,Karly,Swigart
3315,Chickie,Diann
3316,Edith,August
3317,Dolli,Hamil
3318,Letizia,Raimondo
3319,Priscilla,Rodmann
3320,Zondra,Bohlin
3321,Lily,Plato
3322,Zaria,Rugen
3323,Zondra,Helve
3324,Kore,Carey
3325,Karena,Douglass
3326,Althea,Turne
3327,Codie,Capello
3328,Dorice,Raffo
3329,Valeda,Talia
3330,Nerta,Mauer
3331,Constance,Lasley
3332,Mary,Arathorn
3333,Kamilah,Lesley
3334,Minne,Sacken
3335,Emma,Parsaye
3336,Betta,Wenoa
3337,Hermione,Barrus
3338,Johna,Hailee
3339,Aimil,Sidonius
3340,Paola,Nickola
3341,Fayre,Jacobah
3342,Dulce,Dawkins
3343,Dominga,Allys
3344,Roberta,Margarete
3345,Laure,Keily
3346,Hannis,Wilona
3347,Agathe,Ade
3348,Adele,Mata
3349,Berta,Orpah
3350,Sybille,Wenda
3351,Zia,Monaco
3352,Camile,Ophelia
3353,Gui,Cosenza
3354,Georgina,Dyche
3355,Dotty,Cosenza
3356,Nickie,Thar
3357,Brietta,Loring
3358,Lisette,Philoo
3359,Theodora,Ethban
3360,Nonnah,Kevon
3361,Dulcinea,Kress
3362,Fred,Jotham
3363,Hallie,Goth
3364,Renie,Kress
3365,Dennie,Destinee
3366,Nessie,Fancie
3367,Candi,Catie
3368,Christian,Sandye
3369,Elsie,Jess
3370,Ann-Marie,Gilmour
3371,Rubie,Lareena
3372,Britte,Tiffa
3373,Corly,Carlson
3374,Donnie,Mott
3375,Daryl,Kevon
3376,Judy,Nance
3377,Teddie,Peg
3378,Hallie,Maiah
3379,Ira,Stacy
3380,Kassey,Chinua
3381,Marcelline,Ledah
3382,Addia,Hoban
3383,Natka,Arne
3384,Eve,Lasley
3385,Danny,Suanne
3386,Roslyn,Maryanne
3387,Jeanna,Garrison
3388,Claudina,Natalia
3389,Dotty,Killigrew
3390,Sybille,Kirstin
3391,Kathi,Zetta
3392,Corene,Thomasina
3393,Carly,Pitt
3394,Jan,Tryck
3395,Cristabel,Keily
3396,Lynde,Tamsky
3397,Lily,Mayeda
3398,Tiffie,Wadell
3399,Grier,Raama
3400,Nerta,Jena
3401,Lauryn,Hepsibah
3402,Lorie,Capello
3403,Deedee,Garlinda
3404,Lita,Delacourt
3405,Kara-Lynn,Fadiman
3406,Georgetta,Romelda
3407,Olivette,Parette
3408,Viki,Alisia
3409,Susan,Malvino
3410,Emilia,Lane
3411,Emmey,Sandye
3412,Angelique,Redmond
3413,Maryellen,Rona
3414,Bernardine,Cutlerr
3415,Mireielle,Harl
3416,Nariko,Angelis
3417,Ebonee,Rooney
3418,Cathie,Shelba
3419,Phylis,Bebe
3420,Glenda,Zachary
3421,Livvyy,Tound
3422,Jennica,Rese
3423,Sheree,Donoghue
3424,Xylina,Burkle
3425,Aurore,Pattin
3426,Chickie,Prouty
3427,Renae,Kristi
3428,Brynna,Henebry
3429,Chloris,Timon
3430,Sibella,Dunkin
3431,Edyth,Cassius
3432,Margarette,Bollay
3433,Vevay,Daegal
3434,Aryn,Silvan
3435,Leia,Federica
3436,Olwen,Clie
3437,Barbara,Hamil
3438,Carol-Jean,Loring
3439,Giustina,Llovera
3440,Aurelie,Crudden
3441,Audrie,Azeria
3442,Gaylene,Latini
3443,Chastity,Ferrell
3444,Micheline,Jethro
3445,Carlie,Trace
3446,June,Rosalba
3447,Raf,Joachim
3448,Drucie,Bendick
3449,Jaime,Stephie
3450,Marti,Thilda
3451,Paule,Rustice
3452,Kirbee,Roxanna
3453,Brynna,Prober
3454,Marleah,Edee
3455,Kirbee,Kirstin
3456,Gwenneth,Kazimir
3457,Lisette,Leopold
3458,Dorothy,Toni
3459,Ebonee,Oriana
3460,Corry,Bandeen
3461,Dolli,Emmaline
3462,Agnese,August
3463,Frances,Ulphia
3464,Hallie,Center
3465,Goldie,Oneida
3466,Fernande,Duwalt
3467,Elise,Chrystel
3468,Marcy,Amadas
3469,Kial,O'Rourke
3470,Peri,Hertzfeld
3471,Rhoda,Colleen
3472,Annecorinne,Viddah
3473,Averyl,Marden
3474,Robbi,Stover
3475,Viviene,Marisa
3476,Olivette,Donell
3477,Dulce,Thunell
3478,Aurore,Carolin
3479,Mamie,Gaal
3480,Kellen,Azeria
3481,Dominga,Mitzi
3482,Nita,Sabella
3483,Evaleen,Maples
3484,Lacie,Hurley
3485,Dania,Wildermuth
3486,Joleen,Garrison
3487,Lesly,Tyson
3488,Wynne,Schonfeld
3489,Myrtice,Moina
3490,Anallese,Sekofski
3491,Giustina,Adlare
3492,Antonietta,Peg
3493,Charlena,Kravits
3494,Lila,Toor
3495,Katharina,Carvey
3496,Linet,Kendrick
3497,Babita,Allys
3498,Kalina,Fleeta
3499,Annaliese,My
3500,Jeanna,Urias
3501,Concettina,Duwalt
3502,Lilith,Brunell
3503,Elvira,Lymann
3504,Ira,Vins
3505,Caressa,Kress
3506,Helsa,Buttaro
3507,Andeee,McClimans
3508,Jasmina,Blisse
3509,Nikki,Giff
3510,Tilly,Rogerio
3511,Ayn,Riva
3512,Roseline,Corilla
3513,Sissy,Hamil
3514,Dulcinea,Prouty
3515,Jolyn,Nicoline
3516,Constance,Angelis
3517,Elka,Alabaster
3518,Ingrid,Beebe
3519,Dolli,Fadiman
3520,Ruthe,Emmaline
3521,Jean,Cornelia
3522,Therine,Sparhawk
3523,Asia,Lesley
3524,Charmaine,Daniele
3525,Robinia,Markman
3526,Catharine,Jorgan
3527,Asia,Lilas
3528,Janey,Bartlett
3529,Anallese,Phaidra
3530,Carol-Jean,Brady
3531,Fanny,Rossner
3532,Isa,Wilkinson
3533,Oralee,Seessel
3534,Sheree,Vivle
3535,Hildegaard,Allare
3536,Gerrie,Nance
3537,Nita,Nunci
3538,Cristine,Valerio
3539,Kary,O'Rourke
3540,Kathi,Madox
3541,Linzy,Erb
3542,Meg,Lewes
3543,Tina,Bach
3544,Augustine,Natica
3545,Shel,Tippets
3546,Tersina,Deegan
3547,Emma,Pearse
3548,Sindee,Vastah
3549,Angelique,Yate
3550,Nadine,Stelle
3551,Katleen,Carmena
3552,Yvonne,Leary
3553,Marinna,Nicoline
3554,Laure,Kaete
3555,Heddie,Ball
3556,Chastity,Vins
3557,Gui,Stilwell
3558,Genovera,Yerkovich
3559,Aeriela,Kamaria
3560,Melina,Jammal
3561,Janey,Means
3562,Sadie,Hanleigh
3563,Gwenneth,Vharat
3564,Cecile,Aida
3565,Inga,Carvey
3566,Joy,O'Rourke
3567,Emylee,Ellerey
3568,Silvana,Lay
3569,Luci,Pillsbury
3570,Emelina,Braun
3571,Heida,Kathie
3572,Gwenneth,Garlinda
3573,Jenilee,Haldas
3574,Corry,Sigfrid
3575,Kristina,Lissi
3576,Elmira,Tiffa
3577,Amii,Loring
3578,Rhea,Teryn
3579,Olwen,Granoff
3580,Melisent,Trace
3581,Ariela,Winnick
3582,Ardenia,Munn
3583,Doralynne,Bethany
3584,Amii,Durware
3585,Rhea,Bultman
3586,Asia,Callista
3587,Gisela,Mandler
3588,Madeleine,Sperling
3589,Britte,Guildroy
3590,Etta,Wadell
3591,Susette,Ivens
3592,Emelina,Clie
3593,Fina,Hazlett
3594,Rosanne,Decato
3595,Sheree,Liva
3596,Berta,Grobe
3597,Di,McClimans
3598,Sean,Laverne
3599,Therine,Jefferey
3600,Katuscha,Baptlsta
3601,Larine,Terrence
3602,Kerrin,Ventre
3603,Dorice,Merna
3604,Damaris,Madox
3605,Tani,Cottle
3606,Sadie,Ovid
3607,Yolane,Clie
3608,Andree,Shelba
3609,Georgetta,Fiann
3610,Fanny,Mullane
3611,Jaclyn,Brandice
3612,Brana,Braun
3613,Joelly,Cynar
3614,Frank,Velick
3615,Reeba,Jalbert
3616,Kirstin,Azeria
3617,Ebonee,Cecile
3618,Monika,Si
3619,Ulrike,Mott
3620,Laure,Skell
3621,Amalie,Emanuel
3622,Demetris,Darrell
3623,Elbertina,Harday
3624,Nonnah,Land
3625,Lanna,Abernon
3626,Ninnetta,Macey
3627,Lisette,Prober
3628,Gertrud,Jacinda
3629,Trudie,Haymes
3630,Elmira,Ilka
3631,Damaris,Dreda
3632,Dennie,Henrie
3633,Romona,Emanuel
3634,Harrietta,Posner
3635,Marylou,Lunsford
3636,Blake,Charmine
3637,Gabriellia,Iaverne
3638,Olivette,Rhu
3639,Micheline,Lenny
3640,Ronna,Velick
3641,Paulita,Keelia
3642,Olivette,Dosia
3643,Corina,Brunell
3644,Dianemarie,Bigner
3645,Dale,Emmy
3646,Bertine,Bigner
3647,Sheelagh,Even
3648,Frank,Nunci
3649,Tersina,Leler
3650,Courtnay,Ivens
3651,Morganica,Harned
3652,Genevra,Bates
3653,Daryl,Westphal
3654,Neila,Cookie
3655,Sheree,Hanshaw
3656,Millie,Berriman
3657,Emmey,Johanna
3658,Marinna,Pelagias
3659,Gabriellia,Alva
3660,Sissy,Neva
3661,Sissy,Kravits
3662,Tybie,Niccolo
3663,Jessy,Poll
3664,Lulita,Burch
3665,Helena,Juliet
3666,Mamie,Lilybelle
3667,Stacey,Iiette
3668,Bernardine,Bollay
3669,Lita,Bonucci
3670,Patricia,Nisbet
3671,Nickie,Dahlia
3672,Marline,Alisia
3673,Meghann,Olympium
3674,Juliane,Carvey
3675,Cathie,Lilas
3676,Carolina,Willie
3677,Daphne,Bergman
3678,Marjie,Thema
3679,Nita,Fairweather
3680,Molli,Kamaria
3681,Lenna,Alcott
3682,Amara,Rosemary
3683,Delilah,Tannie
3684,Kaia,Alabaster
3685,Moyna,Durware
3686,Krystle,Riva
3687,Shell,Maisey
3688,Elfreda,Glovsky
3689,Krystle,Daegal
3690,Feliza,Laurianne
3691,Mignon,Nea
3692,Vivia,Soneson
3693,Vanessa,Bettine
3694,Blake,Vins
3695,Shel,Isacco
3696,Gabi,Ivens
3697,Malina,Melan
3698,Iseabal,Clara
3699,Luci,Center
3700,Brynna,Germann
3701,Benita,Trace
3702,Genovera,Ellord
3703,Teddie,Schenck
3704,Alex,Kenney
3705,Sherrie,Friede
3706,Sybille,Ietta
3707,Rochette,Revkah
3708,Amara,Saree
3709,Nonnah,Freddi
3710,Mignon,Blisse
3711,Dawn,Pernick
3712,Verla,Tjon
3713,Vere,Erb
3714,Mildrid,Karylin
3715,Raina,Madox
3716,Kittie,Vivle
3717,Rani,Gaynor
3718,Fayre,Travax
3719,Sybille,Sammons
3720,Gianina,Slifka
3721,Eve,Vastah
3722,Priscilla,Gibbeon
3723,Celestyna,Luhe
3724,Estell,Lareena
3725,Rosabelle,Sawtelle
3726,Maye,Dex
3727,Brianna,Gherardo
3728,Fina,Nahum
3729,Pierette,Billye
3730,Monika,Byrne
3731,Sadie,Rheingold
3732,Nataline,Leffen
3733,Ursulina,Publia
3734,Asia,Isidore
3735,Alleen,Alva
3736,Jean,Swigart
3737,Rosaline,Carey
3738,Brandise,Bobbee
3739,Cecile,Dowski
3740,Chere,Alva
3741,Mahalia,Bryna
3742,Alameda,Jotham
3743,Glenda,Cullin
3744,Cam,Federica
3745,Gale,Seligman
3746,Charissa,Gaynor
3747,Dominga,O'Neill
3748,Hettie,Barrus
3749,Margarette,Joni
3750,Mary,Irmine
3751,Evaleen,Couture
3752,Clo,Maryanne
3753,Lyssa,Karylin
3754,Elie,Riordan
3755,Viki,Nikaniki
3756,Jean,Aaberg
3757,Brietta,Turne
3758,Ethel,Merriott
3759,Debee,Gino
3760,Vere,Hermes
3761,Dale,Lumbard
3762,Alyda,Florina
3763,Iseabal,Saunderson
3764,Feliza,Shields
3765,Cecile,Morgun
3766,Georgina,Alfons
3767,Louella,Cecile
3768,Dotty,Roche
3769,Vanessa,Sherfield
3770,Doralynne,Lia
3771,Cecile,Rolf
3772,Charmaine,Norrie
3773,Jolyn,Halla
3774,Cissiee,Isidore
3775,Robinia,Helve
3776,Marjie,Carvey
3777,Gianina,Socha
3778,Hope,Stoller
3779,Dale,Caitlin
3780,Alex,Janith
3781,Althea,McLaughlin
3782,Kristina,Boycey
3783,Paola,Darrell
3784,Susette,Marsden
3785,Carmencita,Yam
3786,Vanessa,Ax
3787,Darci,Schlosser
3788,Candi,Margret
3789,Dulce,Taima
3790,Alexine,Marisa
3791,Etta,Thornburg
3792,Lizzie,Helve
3793,Maud,Vilma
3794,Cyb,Ariella
3795,Jere,Honoria
3796,Keelia,Michella
3797,Modestia,Sallyann
3798,Belinda,Norrie
3799,Raina,Myrilla
3800,Orsola,Ralfston
3801,Berget,Yorick
3802,Rori,Connelly
3803,Paola,Lorenz
3804,Berget,Vernier
3805,Elsie,Fosque
3806,Constance,Ackerley
3807,Dione,Silvan
3808,Christian,Lilybelle
3809,Marline,Brackely
3810,Alameda,Ummersen
3811,Hollie,Travax
3812,Vinita,Pyle
3813,Kerrin,Philoo
3814,Nataline,Bollay
3815,Gerrie,Soneson
3816,Leona,Deegan
3817,Olwen,Carlson
3818,Ebonee,Malanie
3819,Atlanta,Phi
3820,Raquela,Center
3821,Diena,Delacourt
3822,Ilse,Vorster
3823,Tamqrah,Bibi
3824,Basia,Kenney
3825,Shirlee,Gualtiero
3826,Mellicent,Wolfgram
3827,Ronna,Olnee
3828,Cecile,Mich
3829,Maridel,Fleeta
3830,Jsandye,Beebe
3831,Dacia,Goth
3832,Lilith,Elbertina
3833,Selia,Codding
3834,Ginnie,Hortensia
3835,Genevra,Ephrem
3836,Marika,Velick
3837,Helena,Bandeen
3838,Leanna,Aloise
3839,Feliza,Myrilla
3840,Eugine,Grosz
3841,Margarette,Bouchard
3842,Ofilia,Amasa
3843,Vita,Niccolo
3844,Valli,Guthrie
3845,Gwyneth,Eldrid
3846,Karly,Nedrud
3847,Ursulina,Croix
3848,Tersina,Berne
3849,Ardenia,Halsey
3850,Romona,Adamsen
3851,Donetta,Sholley
3852,Allyce,Melony
3853,Mathilda,Lubin
3854,Ermengarde,Dielu
3855,Valeda,Imelida
3856,Constance,Winnick
3857,Ingrid,Krystle
3858,Luci,Brodench
3859,Rosene,Hashim
3860,Deirdre,Candy
3861,Misha,Reidar
3862,Kathy,Dowski
3863,Cecile,Willie
3864,Josephine,Quinn
3865,Courtnay,Redmond
3866,Catrina,Hebner
3867,Neila,Yusuk
3868,Tami,Armanda
3869,Danika,Odysseus
3870,Ira,Alcott
3871,Joleen,Teddman
3872,Darci,Bennie
3873,Arlina,O'Rourke
3874,Leona,Ax
3875,Modestia,Guthrie
3876,Demetris,Ingra
3877,Ada,Ranjiv
3878,Annabela,Jena
3879,Emmey,Trace
3880,Rosabelle,Kaja
3881,Blondelle,Roche
3882,Ottilie,Ahab
3883,Viviene,Robertson
3884,Dorene,Federica
3885,Drucie,Philoo
3886,Dorothy,Elisha
3887,Collen,Carvey
3888,Binny,Luhe
3889,Cherrita,Urias
3890,Blinni,Rolf
3891,Adore,Fontana
3892,Nita,Kenney
3893,Concettina,Jarib
3894,Molli,Mintz
3895,Adore,Peg
3896,Marleah,Mehalek
3897,Riannon,Skell
3898,Sean,Reidar
3899,Lonnie,Goth
3900,Ardeen,Cutlerr
3901,Jennica,Daegal
3902,Daryl,Deegan
3903,Priscilla,Urania
3904,Philis,Bonilla
3905,Consuela,Syd
3906,Shirlee,Lemuela
3907,Addia,Berriman
3908,Donetta,Gaspard
3909,Dolli,Klemperer
3910,Kristina,Cottle
3911,Ricky,Eachern
3912,Allis,Durware
3913,Emmey,Chrystel
3914,Paulita,Orlene
3915,Mathilda,Belanger
3916,Lynnea,Warthman
3917,Susette,Dannye
3918,Maryellen,Justinn
3919,Carmela,Hillel
3920,Ardenia,Turne
3921,Stephanie,Jarib
3922,Ivett,Japeth
3923,Judy,Desai
3924,Deane,Tyson
3925,Candy,Martsen
3926,Ursulina,Tryck
3927,Brietta,Simmonds
3928,Modestia,Graig
3929,Ulrike,Douglass
3930,Rhoda,Borrell
3931,Cyndie,Vins
3932,Nikki,Quent
3933,Debee,Sprage
3934,Janis,Herrera
3935,Delilah,Ranjiv
3936,Ana,Lytton
3937,Hope,Carbo
3938,Dolli,Tayib
3939,Emylee,Constancy
3940,Arlina,Guthrie
3941,Edyth,Oriana
3942,Winny,Linehan