emp_id,emp_first_name,emp_last_name
1001,Jackie,Taima
1002,Alexine,Horan
1003,Annecorinne,Charity
1004,Joane,Tound
1005,Wileen,Telfer
1006,June,Isidore
1007,Elbertina,Charity
1008,Mathilda,Skell
1009,Karina,Rosemary
1010,Tracey,Clara
1011,Edee,Westphal
1012,Susan,Zachary
1013,Katleen,Constancy
1014,Coral,Maples
1015,Gwenneth,Wooster
1016,Katharina,Lissi
1017,Kristina,Henrie
1018,Genevra,Philipp
1019,Zia,Pulsifer
1020,Helsa,Adore
1021,Kore,Ietta
1022,Flo,Croix
1023,Gavrielle,Tremayne
1024,Roberta,Ranjiv
1025,Madalyn,Suzetta
1026,Johna,Wenoa
1027,Karolina,Deegan
1028,Jsandye,Shaddock
1029,Daphne,Tamsky
1030,Orsola,Vharat
1031,Gavrielle,McNully
1032,Ivett,Seessel
1033,Ivett,Olin
1034,Helsa,Melony
1035,Priscilla,Urania
1036,Netty,Bethany
1037,Anallese,Juan
1038,Yolane,Mich
1039,Hallie,Gabrielli
1040,Jinny,Shields
1041,Corene,Freddi
1042,Vinita,Vorster
1043,Pierette,Fiann
1044,Gisela,Nedrud
1045,Dania,Carmena
1046,Candi,Emmaline
1047,Zondra,Barbey
1048,Estell,Meli
1049,Edee,Sherfield
1050,Elie,Brian
1051,Estell,Glenden
1052,Mady,Lasley
1053,Oona,Gino
1054,Therine,Weide
1055,Carmencita,Shanley
1056,Phedra,Abram
1057,Gabriellia,Cimbura
1058,Orsola,Ovid
1059,Dede,Deny
1060,Trudie,Delila
1061,Agnese,Sekofski
1062,Blondelle,Sallyann
1063,Kristina,Maryanne
1064,Janenna,Iiette
1065,Althea,Briney
1066,Ebonee,Cavan
1067,Codie,Craggie
1068,Julieta,Emmy
1069,Jere,Edison
1070,Jorry,Janith
1071,Kerrin,Socha
1072,Mamie,Montgomery
1073,Nikki,Allare
1074,Karena,Peti
1075,Tamqrah,Daegal
1076,Shaine,Craggie
1077,Carolina,Barbey
1078,Tera,Hashim
1079,Sabina,Plato
1080,Celene,Roche
1081,Sissy,Sparhawk
1082,Sue,Kosey
1083,Correy,Braun
1084,Mara,Desai
1085,Marylou,Kendrick
1086,Emmey,Arathorn
1087,Bernardine,Phaidra
1088,Bobinette,Nance
1089,Brynna,Israeli
1090,Ingrid,Sinegold
1091,Sheree,Azeria
1092,Rhoda,Rona
1093,Tani,Paton
1094,Dari,Dearborn
1095,Bee,Granoff
1096,Hayley,Wandie
1097,Rayna,Fancie
1098,Randa,Ackerley
1099,Winny,Mozelle
1100,Kary,Jethro
1101,Nerta,Gabrielli
1102,Adore,Diann
1103,Gerrie,Bord
1104,Claudina,Caitlin
1105,Carolina,Clywd
1106,Rosabelle,Randene
1107,Pierette,Dorine
1108,Leeanne,Hilbert
1109,Cecile,Calhoun
1110,Vere,Emerson
1111,Priscilla,Chinua
1112,Shauna,Turne
1113,Annecorinne,Muriel
1114,Kimberley,Berard
1115,Reeba,Erlandson
1116,Abbie,Camden
1117,Joceline,Maples
1118,Chastity,Kare
1119,Allyce,Candy
1120,Paule,Ietta
1121,Clary,Truc
1122,Devina,Hermes
1123,Roz,Zeeba
1124,Elyssa,Ehrman
1125,Cissiee,Allys
1126,Carolina,Goerke
1127,Carree,Weaks
1128,Cyb,Iiette
1129,Frank,Ummersen
1130,Chickie,Vivle
1131,Inga,Edee
1132,Romona,Tyson
1133,Morganica,Ader
1134,Estell,Jotham
1135,Roslyn,Alabaster
1136,Beth,Greenwald
1137,Sibella,Baylor
1138,Olwen,Merat
1139,Briney,Zrike
1140,Justinn,Danby
1141,Madalyn,Weide
1142,Brietta,Baptlsta
1143,Sherrie,Capello
1144,Sabina,Giule
1145,Berget,Mich
1146,Michaelina,Hirsch
1147,Georgetta,Xerxes
1148,Jean,Martguerita
1149,Rhoda,Merell
1150,Binny,Ogren
1151,Lelah,Redmond
1152,Robbi,Saunderson
1153,Kellen,Nadia
1154,Krystle,Torray
1155,Corly,Socha
1156,Alex,Goerke
1157,Fernande,Selway
1158,Fredericka,Boycey
1159,Gaylene,Tufts
1160,Edee,Marijo
1161,Gwyneth,Phyllis
1162,Rosaline,Holbrook
1163,Gianina,Iphlgenia
1164,Lily,Thomasina
1165,Stacey,Ehrman
1166,Charmaine,Merell
1167,Chloris,Imelida
1168,Courtnay,Rurik
1169,Claresta,Morgun
1170,Corina,Niles
1171,Elbertina,Bergman
1172,Marcelline,Valerio
1173,Ashlee,Pozzy
1174,Kittie,Angelis
1175,Rozele,Pozzy
1176,Max,Markman
1177,Kaja,Hunfredo
1178,Charissa,Jefferey
1179,Lynea,Kravits
1180,Annice,Arne
1181,Shirlee,Schroth
1182,Rori,Gaynor
1183,Sean,Carolin
1184,Moyna,Eckblad
1185,Linzy,Bates
1186,Kaia,Vorster
1187,Hope,Aida
1188,Gilligan,Soneson
1189,Deirdre,Jena
1190,Mady,Pulsifer
1191,Tybie,Screens
1192,Antonietta,Niles
1193,Nariko,Klotz
1194,Jere,Erlandson
1195,Lory,Jorgan
1196,Adriana,Stefa
1197,Gui,Gamaliel
1198,Madeleine,Shelba
1199,Celisse,Cherianne
1200,Nicoli,Morgun
1201,Max,Liebermann
1202,Nelle,Kirbee
1203,Katuscha,Lasley
1204,Vivia,Swigart
1205,Jennica,Nahum
1206,Bettine,Riordan
1207,Margarette,Cosenza
1208,Berget,Radu
1209,Julieta,Georas
1210,Dianemarie,Leler
1211,Gianina,Avi
1212,Genovera,Deny
1213,Vevay,Myrilla
1214,Carmela,Gillan
1215,Janis,Nunci
1216,Lanae,Goldina
1217,Brianna,Parsaye
1218,Verla,Rhu
1219,Leia,Clywd
1220,Gusty,Maroney
1221,Mary,Camden
1222,Linet,Yam
1223,Audrie,Kolnick
1224,Courtnay,Cloris
1225,Orelia,Waite
1226,Paule,Ricarda
1227,Johna,Poll
1228,Therine,Gillan
1229,Max,Erlandson
1230,Maisey,Harned
1231,Elora,Zina
1232,Zondra,Couture
1233,Vonny,Mintz
1234,Ayn,Dash
1235,Berta,Kolnick
1236,Trixi,Lowry
1237,Nollie,Jobi
1238,Harrietta,Hessler
1239,Barbara,Jary
1240,Lindie,Annice
1241,Tabbatha,Erminia
1242,Hildegaard,Sammons
1243,Doralynne,Teddman
1244,Elsie,Shanley
1245,Dorene,Warthman
1246,Sidoney,Hashim
1247,Judy,Jaylene
1248,Marsiella,Lauraine
1249,Adele,Garrison
1250,Talya,Evangelia
1251,Shirlee,Dearborn
1252,Emmey,Olympium
1253,Rani,Sasnett
1254,Fanny,Dannye
1255,Shirlee,Cosenza
1256,Elise,Pettiford
1257,Phylis,Christal
1258,Maye,Even
1259,Carolina,Lauraine
1260,Ingrid,Pip
1261,Lindie,Pacorro
1262,Minne,Andrel
1263,Lynde,Campball
1264,Carree,Camden
1265,Starla,Faust
1266,Mellicent,Ball
1267,Iseabal,Alejoa
1268,Marguerite,Wareing
1269,Jere,Chesna
1270,Vevay,Sigfrid
1271,Gilda,Hermes
1272,Susette,Mehalek
1273,Constance,Arathorn
1274,Priscilla,Roxanna
1275,Edith,Wesle
1276,Vevay,Cecile
1277,Sarette,Bashemeth
1278,Merrie,Redmond
1279,Anestassia,Amasa
1280,Tami,Vivle
1281,Tiffie,Karylin
1282,Pamella,Hermes
1283,Yvonne,Kathie
1284,Ofilia,Klemperer
1285,Amara,Read
1286,Sissy,Karylin
1287,Lory,Strephon
1288,Emma,Vittoria
1289,Nelle,Septima
1290,Katuscha,Jess
1291,Thalia,Hashim
1292,Lonnie,Lanita
1293,Talya,Herrera
1294,Etta,Cadmar
1295,Gabriellia,Swanhildas
1296,Brena,Wenoa
1297,Blake,Barbey
1298,Gilda,Helfand
1299,Melisent,Kosey
1300,Jenda,Nickola
1301,Gilda,Goldina
1302,Larine,Camden
1303,Nollie,Rozanna
1304,Robbi,Vharat
1305,Emmey,Whittaker
1306,Malina,Tufts
1307,Jan,Holbrook
1308,Celestyna,Markman
1309,Lynde,Pelagias
1310,Brynna,Rugen
1311,Almeta,Dyche
1312,Talya,Jary
1313,Gloria,Nerita
1314,Vere,Oriana
1315,Ivett,Urias
1316,Taffy,Wu
1317,Lusa,Oster
1318,Alleen,Lalitta
1319,Rochette,Ciro
1320,Brynna,Remmer
1321,Ivett,Pyle
1322,Gui,Tound
1323,Emma,Liebermann
1324,Kellen,Alrich
1325,Romona,Morehouse
1326,Dennie,Trey
1327,Cecile,Herrera
1328,Shel,Middleton
1329,Camile,Hourigan
1330,Tobe,Tremayne
1331,Betta,Gert
1332,Eve,Tamsky
1333,Celene,Edmund
1334,Candi,Munn
1335,Gisela,Schwejda
1336,Camile,Honoria
1337,Jacquetta,Mintz
1338,Ninnetta,Gaulin
1339,Andeee,Lail
1340,Ardys,Kesley
1341,Selia,Jarib
1342,Fernande,Natalia
1343,Gianina,Helve
1344,Willetta,Francene
1345,Dominga,Salchunas
1346,Korrie,Ball
1347,Maud,Darbie
1348,Elvira,Douglass
1349,Misha,Tarrant
1350,Thalia,Israeli
1351,Laurene,Edmund
1352,Stephanie,Connelly
1353,Peri,Saunderson
1354,Ileana,Avi
1355,Carree,Annabella
1356,Dode,Belldas
1357,Brynna,Mathilde
1358,Mamie,Presber
1359,Karly,Robertson
1360,Winifred,Shaver
1361,Jorry,Dyche
1362,Cristine,Constancy
1363,Peri,O'Rourke
1364,Goldie,Reinke
1365,Nananne,Tillford
1366,Korrie,Alice
1367,Madelle,Leopold