incharge_id,incharge_first_name,incharge_last_name,incharge_contact_no
1,Banky,Sollon,425-416-0794
2,Kristal,Bentinck,398-842-5633
3,Edd,Ickov,890-893-4702
4,Erminia,Keary,599-549-9646
5,Cecilla,Corah,105-856-4815
6,Dorella,Shillum,539-996-1839
7,Amelie,Brason,149-893-5083
8,Lissi,Youson,858-909-6033
9,Holly,Craiker,339-233-8626
10,Zuzana,Eades,414-230-6296
11,Merilyn,Boik,643-484-3120
12,Gene,Scardafield,511-404-3316
13,Valentia,Ratt,304-928-6375
14,Mersey,Jewster,968-372-4035
15,Claresta,Kleinmann,474-946-5021
16,Timmy,Durtnell,505-946-8501
17,Jakob,Brickett,200-617-2172
18,Linn,Jerram,257-922-5464
19,Cindee,Mennear,312-161-5753
20,Paulina,Kurdani,376-457-3479
21,Sephira,Gostall,177-805-5054
22,Jaimie,Dohmer,813-182-8298
23,Aylmer,Milne,313-895-5912
24,Zed,Gullberg,217-265-6163
25,Bard,Balsom,673-728-3343
26,Nettie,Mityushkin,177-440-5741
27,Baily,Von Oertzen,196-156-7375
28,Gordon,Iskowicz,501-823-6171
29,Mechelle,Bagshaw,921-386-1311
30,Antonio,Blondelle,810-724-2251
31,Ximenez,Taile,403-619-2554
32,Reagan,Pyett,506-711-6802
33,Lin,Hurdedge,505-599-9532
34,Beatrice,Sahlstrom,159-947-4911
35,Brear,D'Hooge,269-915-8012
36,Nanny,Kepe,828-649-5594
37,Natassia,Blackall,124-833-4039
38,Ulysses,Chisman,994-630-4753
39,Zondra,Dummer,528-240-2768
40,Sayres,Castrillo,865-880-6680
41,Tony,Iggo,636-863-2316
42,Alexi,De Francisci,702-170-1550
43,Samara,Billie,139-516-1664
44,Dani,Agronski,251-577-3511
45,Carlita,Mailes,125-219-9583
46,Brockie,Blaske,869-700-1144
47,Robers,Kirkman,511-430-6754
48,Kendre,Corck,387-948-6107
49,Donnamarie,Artz,924-973-5889
50,Thaddus,Titlow,899-820-9629
51,Babs,Ramelet,550-309-6727
52,Emelen,Swiffen,117-604-6856
53,Emmeline,Crosoer,565-818-7486
54,Gerda,Britt,717-195-5658
55,Jill,Mobius,507-600-6494
56,Sharla,Treeby,788-266-3936
57,Shurlocke,Najera,611-141-5388
58,Ingamar,Brooker,317-130-9617
59,Marisa,Phoebe,463-167-6649
60,Rowen,Rathmell,843-401-9493
61,Erhard,Lawlings,301-637-6314
62,Adolpho,Gerrans,798-465-5566
63,Cherey,Widdop,567-265-0813
64,Pearline,Bridle,141-860-1656
65,Lilly,MacPhaden,677-948-6267
66,Lida,Sharpus,385-196-3621
67,Wolfgang,Soame,924-498-9582
68,Francisca,Rowney,185-477-6765
69,Augusta,Mortell,243-352-1440
70,Tobe,Kreutzer,958-262-8416
71,Cristie,Tamblingson,672-776-7253
72,Rosalyn,Atwool,646-408-1069
73,Annadiane,Shimmings,403-267-4346
74,Lisabeth,Mac,517-210-7858
75,Bobbee,Bosson,960-641-1504
76,Orin,Kuller,230-332-8232
77,Bree,Baudouin,906-188-7737
78,Iseabal,Concannon,651-688-5052
79,Herb,Ciementini,146-112-3299
80,Randal,Ebsworth,992-789-1693
81,Austin,Cosgrave,730-538-6259
82,Alvinia,Adnett,950-954-7071
83,Clarey,Barrass,106-245-0106
84,Katlin,McFeat,173-851-2186
85,Garik,Thumnel,677-845-4300
86,Berta,Dreghorn,220-153-8988
87,Thurstan,Maddyson,558-405-5481
88,Ichabod,Hailston,399-829-4528
89,Donnell,Skpsey,889-361-7458
90,Merci,Filyukov,645-394-9037
91,Casey,Foale,643-607-0147
92,Baldwin,Aglione,888-778-5183
93,Emmanuel,Hillan,792-531-2187
94,Serena,Haldon,837-200-6653
95,Yul,Calladine,816-367-7702
96,Harlen,Assard,331-241-9982
97,Phylys,Vost,909-924-8262
98,Lurette,Weyland,384-905-7101
99,Leighton,Cray,720-586-7780
100,Gerald,Kilpatrick,730-161-2779
101,Baxie,Tyrwhitt,327-810-0378
102,Chevalier,Coughan,432-998-7684
103,Doralin,Isabell,501-684-8850
104,Nate,Pestor,196-193-0684
105,Sandor,Poleye,648-860-3417
106,Guilbert,Bitcheno,284-951-1797
107,Weber,Duffan,519-500-4206
108,Georgine,Meece,224-715-3112
109,Cristian,Nourse,314-118-3524
110,Seline,Safe,867-568-5471
111,Vikky,Guerreau,976-483-2846
112,Farra,Andri,598-349-1287
113,Susanna,Sausman,794-903-4054
114,Sisely,Ginley,403-646-2010
115,Lemuel,Abbie,557-203-3749
116,Konstance,Cushion,233-763-1473
117,Mannie,Kinneir,378-665-9307
118,Sheilakathryn,Itzcovichch,686-685-5448
119,Jenine,Duchesne,905-684-0537
120,Tate,Sandcraft,290-919-8291
121,Rowland,Callingham,652-198-7023
122,Alasteir,Bouller,802-993-2658
123,Gris,Peddel,507-723-4070
124,Leta,Tarrier,787-920-6726
125,Linn,Piccard,785-661-8828
126,Dallis,Bartunek,850-364-3024
127,Mildrid,Shimmans,639-658-4932
128,Theadora,Corkhill,827-652-0047
129,Evangelina,Hanbidge,903-688-4513
130,Cherin,Peddie,231-106-6591
131,Xever,Hyman,961-776-1452
132,Noak,Gooderidge,409-810-4063
133,Gibbie,Kirdsch,933-155-4354
134,Gillan,Foynes,248-368-0488
135,Adey,Dearlove,439-995-0336
136,Lesley,Quinane,279-887-5911
137,Corey,Baudou,482-641-5866
138,Euphemia,Symson,372-915-7855
139,Charity,Haffenden,432-219-1362
140,Carroll,Jurek,864-612-3122
141,Kendricks,Castiello,481-379-3078
142,Aileen,Bourdice,809-551-7558
143,Trevor,Harniman,581-671-1528
144,Padget,Merrilees,498-595-4314
145,Jinny,Warde,547-485-7204
146,Claudius,Barrett,401-957-9668
147,Garv,Dicke,874-498-4181
148,Fanchette,Jorcke,130-957-2523
149,Jordain,Cooke,284-930-3902
150,Malissia,Wreak,360-995-2598
151,Lisabeth,Going,949-162-6231
152,Bernie,Papa,992-639-1603
153,Devi,Kubacek,106-284-9817
154,Suzanne,Millam,136-849-3411
155,Adora,Seagar,418-595-4252
156,Camey,Hellings,798-534-0459
157,Melanie,Raffan,622-726-6225
158,Bert,McOmish,282-507-4090
159,Guglielma,Shackle,242-341-0579
160,Umeko,Hatchett,440-177-1758
161,Katherina,Ible,790-805-8187
162,Sile,McNabb,786-245-6867
163,Dorie,Shorbrook,770-247-4325
164,Tamarah,Bendon,736-750-0515
165,Briny,Hawksby,636-547-0657
166,Ginny,Hilldrop,171-596-9313
167,Mattias,Budgeon,250-891-8117
168,Dody,Bithell,984-187-0111
169,Darsie,Halstead,999-377-1073
170,Karoly,Randales,407-366-3069
171,Valery,Guiduzzi,677-250-2988
172,Glenden,Allworthy,736-411-5850
173,Rees,Mc Carroll,892-586-2574
174,Wanda,Elwell,433-776-4047
175,Ole,Dymoke,353-808-2360
176,Silvana,Byham,387-879-2894
177,Marilee,Toor,766-938-4336
178,Sylvia,Whetson,735-841-6114
179,Guglielmo,McGilvra,964-107-1315
180,Jacob,Berecloth,986-747-2177
181,Marlow,Reyson,152-390-4471
182,Lita,Riditch,427-185-3511
183,Glynnis,Sibbit,627-629-0247
184,Jamie,Berlin,553-800-4519
185,Dodie,Drew-Clifton,765-216-3471
186,Sorcha,Osgar,125-543-1312
187,Darrelle,Carrane,755-702-0022
188,Godwin,Frentz,729-348-9619
189,Nevil,Stourton,493-604-5177
190,Myrtie,Canadine,104-302-7848
191,Westbrook,Hedge,630-625-0520
192,Ianthe,Haig,404-241-6377
193,Jacinthe,Orans,611-885-3101
194,Bengt,Boissieux,651-262-1562
195,Carole,Featherbie,609-879-4122
196,Kinna,Fossord,309-667-5112
197,Teddie,Smogur,280-290-2763
198,Cash,Dimic,519-569-1687
199,Demetris,Prewer,819-754-2140
200,Beaufort,Slaney,349-649-7205
201,Ally,Iban,953-599-4652
202,Durward,Baroch,260-733-1749
203,Riccardo,Askam,431-237-1911
204,Marshal,Langworthy,537-522-8752
205,Ardath,Blessed,104-704-1222
206,Junie,Bickle,785-233-1116
207,Harli,Trahar,441-996-8547
208,Morganica,Pucker,881-598-2961
209,Leoline,Summerill,290-759-1566
210,Karon,Dignam,109-823-3323
211,Gal,Dorr,504-490-7267
212,Megen,Sandys,417-239-7000
213,Shellie,Webbe,151-885-4564
214,Malynda,Lille,379-356-8136
215,Uriel,Curds,389-395-9523
216,Rosalinda,Undrell,967-368-6395
217,Lambert,Ewens,579-571-5573
218,Korey,Ogglebie,616-193-8749
219,Dwain,Wensley,448-997-4462
220,Daniel,Newbigging,782-115-0039
221,Ines,Fortman,641-163-5847
222,Olenolin,Reeve,619-803-3974
223,Moyna,Keizman,840-478-1423
224,Luisa,Shere,611-553-6506
225,Wendel,Mix,119-324-8626
226,Tawsha,Cromly,867-981-0786
227,Darsie,Ashwin,790-887-2110
228,Clark,Mapother,826-502-3946
229,Nyssa,Devorill,771-987-3332
230,Archer,Keam,445-616-2862
231,Terra,Landers,453-310-6378
232,Kellyann,D'eath,678-837-7751
233,Toby,Swanne,979-143-3820
234,Starlene,MacCostigan,653-937-1644
235,Corny,Hare,463-816-6671
236,Maegan,Barmadier,454-913-8126
237,Camellia,Lindenberg,584-337-1644
238,Dennie,Sussems,658-468-4931
239,Katina,Slot,444-833-1561
240,Curt,Ramsier,657-220-1498
241,Gerta,Haydon,764-434-0579
242,Morey,Wheble,972-483-4018
243,Forrester,Haslewood,320-447-7255
244,Davide,Attwill,644-220-9417
245,Homer,Eskriett,295-415-7363
246,Wendell,Karpenko,999-852-2515
247,Yasmin,Gerrish,608-831-9390
248,Arin,Bowers,768-739-6474
249,Marcus,Dorn,432-747-0626
250,Nanni,Elliot,220-366-6711
251,Gael,Copping,683-207-0354
252,Timotheus,Dumphries,675-674-2976
253,Sofie,Lacknor,612-620-4092
254,Mireielle,Stoddard,281-623-3746
255,Riley,Deble,694-321-0942
256,Karine,Snipe,988-487-5241
257,Claudius,Preddle,427-759-2331
258,Rodina,Castletine,359-479-5090
259,Itch,Manach,782-503-1509
260,Paxton,Punyer,560-446-3831
261,Adolf,Hardi,421-532-4863
262,Willow,Elverstone,329-231-2509
263,Thorndike,Stammer,787-751-7161
264,Etienne,Ughini,960-728-2705
265,Ellswerth,Hugnin,381-953-1879
266,Hakeem,Baggelley,161-858-5426
267,Maryjane,Bonnin,480-534-4780
268,Tymon,Roelofs,378-826-2161
269,Morlee,Scard,743-280-1767
270,Corrianne,Birdwhistle,140-631-7190
271,Evanne,Bristowe,340-334-0836
272,Adrianne,Pulteneye,289-336-9567
273,Meredith,Fifield,264-978-3124
274,Oswell,Dautry,110-493-1671
275,Zena,Louden,935-702-0739
276,Ingra,Oliva,207-812-6701
277,Katalin,Schulze,737-734-9800
278,Antonella,Kubal,612-619-6107
279,Aaron,Denisevich,504-298-6479
280,Alvy,Habbin,140-206-8891
281,Tobe,Shoebotham,369-608-4111
282,Herminia,Breheny,879-485-3881
283,Arlan,Bonifacio,360-150-5445
284,Elberta,Lowin,671-763-5959
285,Mella,Coathup,556-331-5544
286,Quentin,Rosevear,134-612-7468
287,Wenona,Bexley,148-850-7142
288,Penelope,Frood,563-352-8918
289,Vinni,Bartaloni,289-489-0784
290,Emmit,Buye,196-651-9473
291,Yoko,Chadderton,544-728-0618
292,Frants,Gurner,511-320-2356
293,Pennie,Roscoe,873-156-8874
294,Christal,De Marchi,492-167-1861
295,Rooney,Eatock,106-571-9001
296,Austine,Netti,732-429-8127
297,Idaline,Wyche,855-630-2844
298,Briano,Mollen,938-692-0032
299,Dolly,Malser,110-749-0376
300,Fredra,Itschakov,826-696-3484
301,Agata,Collinge,401-583-0980
302,Harrietta,Huddart,916-694-9065
303,Elysia,Manns,651-246-3450
304,Siusan,Pentelow,401-719-5590
305,Sarajane,Bryns,477-369-9918
306,Aggie,Androletti,639-995-1999
307,Vanda,Bogue,585-536-3245
308,Crissie,Molloy,517-354-2118
309,Luther,Brimmacombe,545-841-5212
310,Silvio,Du Plantier,340-947-3684
311,Garv,Rawstorne,932-917-5403
312,Kristopher,Steels,699-692-6045
313,Elianora,Simeon,534-200-5853
314,Paige,MacLleese,674-943-5508
315,Mord,Wooller,904-386-4925
316,Rollo,Jaquemar,655-304-8734
317,Tisha,Akester,837-242-2091
318,Ignace,Palfreeman,334-572-7448
319,Catlin,Duckham,783-807-0889
320,Keslie,Puleque,641-879-8161
321,Bucky,Alekseev,139-778-1242
322,Nissa,Florence,120-252-9903
323,Minor,Tutsell,951-185-3285
324,Tybalt,Mallalieu,330-116-4650
325,Dannye,Tomek,769-131-3206
326,Gearard,Pereira,647-417-0366
327,Farly,Izakof,381-530-3290
328,Bret,Seamarke,530-902-9875
329,Reinwald,Inott,545-681-8935
330,Priscilla,Chaplyn,282-762-0928
331,Blythe,Koop,943-409-0378
332,Belicia,Dando,216-472-7291
333,Bert,Bockh,498-644-7461
334,Nichole,Radbond,480-318-8562
335,Matti,Peyes,111-710-3235
336,Feliks,Rogliero,649-394-8140
337,Laurice,Wyld,288-128-8100
338,Zulema,Bartolomeotti,963-633-8977
339,Corabelle,Freak,810-700-9252
340,Freddie,Roget,538-870-1861
341,Rita,Piggford,689-260-7869
342,Althea,Crosson,357-219-4554
343,Duky,Truce,209-351-5145
344,Culley,MacKinnon,400-805-7725
345,Romonda,McMorran,121-583-1863
346,Gwenny,Crotty,904-130-9187
347,Miller,Collishaw,346-423-1989
348,Jorrie,Benini,716-492-3800
349,Carver,Cristofalo,236-308-5606
350,Corenda,Gearty,432-624-8003
351,Tildi,Boeter,215-463-9451
352,Koral,Beyne,328-247-4720
353,Karen,Hulcoop,836-748-6075
354,Sissie,Deeny,263-268-7318
355,Dianemarie,O'Sculley,768-842-3621
356,Anton,Libbey,322-505-1817
357,Anabelle,Skivington,623-906-0303
358,Cale,Slowey,353-120-8282
359,Mufi,Filipychev,316-951-0636
360,Kara,Barrs,683-293-7818
361,Laurianne,Gawthrop,827-709-7046
362,Perice,O' Donohue,869-779-9048
363,Melvyn,Anfossi,442-625-0512
364,Bay,Sweetmore,210-249-9045
365,Emilio,Betje,599-310-6045
366,Chrystal,Tocknell,930-210-8957
367,Haydon,McSperron,448-952-6205
368,Ced,Yter,935-796-7772
369,Winifred,Morecomb,546-350-3252
370,Pierre,Lowes,996-429-2601
371,Benyamin,Willicott,658-549-2494
372,Hayden,Ort,735-823-1655
373,Tabby,Joliffe,548-194-7437
374,Tracee,Osburn,727-129-7004
375,Ericha,Wiggington,507-568-6828
376,Vinita,Rook,301-809-1628
377,Aloysia,Foulger,828-812-1756
378,Arni,MacCosty,774-265-2584
379,Olly,Runnett,810-271-7916
380,Patrizio,Tonry,200-234-3371
381,Rosita,Hazeman,996-508-2102
382,Cart,Knowlton,256-112-9480
383,Maddalena,D'Souza,576-738-4751
384,Drake,Forty,603-208-9797
385,Flo,Harkness,419-595-3747
386,Walker,Bavage,809-982-1220
387,Lulita,Borthram,893-649-7002
388,Rorie,Tremeer,405-279-9215
389,Winne,Blazewicz,375-505-8464
390,Rozalie,Meeny,923-626-4089
391,Kevyn,Meneely,238-131-6963
392,Adair,Sjollema,623-912-3622
393,Paola,Benton,610-849-5706
394,Lay,Fomichkin,332-223-1304
395,Harriette,Blondell,699-376-3352
396,Tabbie,Lowle,320-620-8369
397,Kelcey,Castletine,333-406-4911
398,Adoree,Tevelov,645-350-3560
399,Perren,Winfindale,921-777-9653
400,Dehlia,Monaghan,813-622-1476
401,Diandra,Chapleo,835-226-4548
402,Evita,Nixon,630-307-3321
403,Garald,Lohrensen,393-552-8701
404,Yuri,Cauldfield,839-649-6554
405,Joni,Cloake,272-484-0136
406,Maren,Whittaker,692-783-7169
407,Carmina,Sheehan,285-197-0377
408,Fidela,Toopin,149-487-2136
409,Helsa,Goldsby,539-514-0473
410,Laurice,Oldred,978-195-5948
411,Clarie,Lennie,672-313-0449
412,Wyatan,Jorcke,606-831-9346
413,Gretchen,Bride,616-937-8107
414,Tatiania,Roscam,658-886-4107
415,Tommy,Lief,521-960-1097
416,Saraann,Squibbs,668-759-0856
417,Nathanial,Doghartie,832-688-0713
418,Doralin,Font,660-661-4504
419,Carlye,Connick,592-362-4653
420,Grata,Pencost,934-964-0518
421,Annamaria,Cambell,544-800-4075
422,Penelope,Foyston,443-483-5379
423,Jacob,Bladon,175-565-2952
424,Kerry,Harrisson,608-289-0285
425,Fransisco,Summerhayes,640-243-0658
426,Nikki,Chittey,453-171-7747
427,Carly,McCowan,711-440-8750
428,Colin,Spragg,650-216-2953
429,Malva,Baynes,974-630-1331
430,Sibley,Mendenhall,493-936-0417
431,Luis,Gough,584-557-4208
432,Rosina,Sibborn,380-797-1648
433,Sharlene,Ferenc,462-198-6154
434,Rosemary,Margerrison,777-506-1613
435,Von,Fennelow,345-213-2118
436,Ainslie,Jeandillou,738-694-4325
437,Eugine,Sidwick,815-332-5653
438,Graeme,Rawstron,987-439-9167
439,Mavra,Skerrett,871-279-3764
440,Adaline,Jellard,723-496-7404
441,Dasya,Matityahu,744-577-4595
442,Stinky,Cyson,226-604-1510
443,Agace,Caygill,976-603-7739
444,Palm,Gecks,260-576-5285
445,Ronna,Facher,733-109-6114
446,Celina,Tollerton,967-142-2850
447,Frankie,Presley,992-215-3301
448,Mozes,Hundell,978-142-0028
449,Madlen,Bocken,499-923-7093
450,Davie,Paulot,970-533-2594
451,Clemens,L'Episcopio,571-446-5685
452,Raeann,Kither,775-651-7125
453,Helsa,Cowburn,894-210-1452
454,Tirrell,Lemerie,184-577-7165
455,Cole,Clemintoni,547-270-4253
456,Cathie,Royste,995-683-9245
457,Ingram,Ugolini,716-467-8093
458,Jase,Filoniere,729-630-2751
459,Mara,Nathan,244-434-9839
460,Ringo,O'Hdirscoll,293-622-6092
461,Lane,Krikorian,804-372-3811
462,Erhard,Holttom,135-579-3670
463,Hunt,Cornu,793-228-3493
464,Jabez,Hankin,287-304-8394
465,Sherill,Ralestone,425-853-0340
466,Alexio,Vala,270-145-7620
467,Scotti,Gwin,730-790-2301
468,Larisa,Genge,841-141-2375
469,Dolph,Petofi,994-859-8419
470,Cathi,Hoyle,393-526-6685
471,Jandy,Appleyard,805-481-1437
472,Welby,Boydell,299-590-9037
473,Zelma,Skirving,898-498-0542
474,Alisha,Puve,559-848-4552
475,Trista,Aleswell,177-435-9781
476,Deborah,Charte,971-857-8288
477,Rayna,Cradoc,826-851-7227
478,Joete,Wells,197-424-2155
479,Theo,Tomaello,994-396-4716
480,Tess,Dockwra,562-604-6429
481,Jamaal,Dalrymple,957-702-1211
482,Hewe,Spottiswoode,202-416-6426
483,Constantina,Wrennall,186-605-5210
484,Aridatha,Keys,772-239-9210
485,Merl,Culmer,866-514-2296
486,Allie,Beirne,344-867-9388
487,Kingsly,Jellico,175-748-1360
488,Kelsey,Falla,369-697-9827
489,Constantia,Euesden,148-300-8759
490,Jinny,Bartzen,116-950-3489
491,Michell,Readwin,254-817-4829
492,Noelle,Bourthouloume,578-598-2499
493,Lin,McKeney,944-315-4836
494,Gwendolin,Kyncl,512-130-0134
495,Ario,Troy,932-658-0370
496,Lewiss,Kohrt,597-138-9423
497,Gregory,Nutman,803-331-5623
498,Pavlov,Buffery,966-663-2294
499,Bradford,Drayton,957-133-2955
500,Nicolas,Brecken,924-365-4937
501,Bartie,Paroni,719-282-1021
502,Kinna,Rushe,579-669-5235
503,Aliza,Rentelll,448-438-3422
504,Leonidas,Gipp,264-501-7379
505,Paulie,Frankland,305-419-0775
506,Francois,Sighart,170-730-5309
507,Nissie,Allsworth,417-943-2467
508,Marthe,Caudwell,973-533-0733
509,Rolando,Sumnall,753-403-7783
510,Evy,Swaby,718-783-1871
511,Rozina,Wondraschek,560-741-2755
512,Rriocard,Newband,733-313-0496
513,Delia,Dole,736-861-6634
514,Marge,Borham,928-539-5848
515,Larry,Grasser,917-860-0385
516,Gertie,Strugnell,105-999-1941
517,Jana,Marcone,675-750-9490
518,Tandy,Owain,580-692-0314
519,Mommy,Heersema,209-575-6979
520,Alidia,Huerta,986-686-8315
521,Alfy,Sellstrom,670-331-7660
522,Caddric,Hatherleigh,857-385-6510
523,Elene,Goodlett,856-431-1986
524,Penni,Wroth,193-705-6493
525,Westbrook,Duckinfield,566-668-0730
526,Clifford,Walczak,804-232-2704
527,Grannie,Kantor,759-750-9124
528,Tatiana,Bockings,398-607-1284
529,Beatriz,Galton,554-906-9267
530,Rees,Palfery,366-908-9613
531,Hadrian,Dadson,807-256-8842
532,Val,Strutz,187-150-7443
533,Murielle,Kerr,430-325-7508
534,Noah,Di Giacomettino,349-495-0501
535,Donnie,Turfes,262-160-1651
536,Sabina,Childes,520-602-5861
537,Balduin,de Merida,510-514-7953
538,Esmeralda,Sowden,973-763-7044
539,Dell,Thowes,548-599-5899
540,Barney,Lathleiff,916-171-2766
541,Farrell,Proudley,811-171-8691
542,Karlens,Ridett,410-693-1133
543,Novelia,Jacobowitz,319-905-2173
544,Dasha,Cattemull,907-748-3296
545,Babs,Humbatch,461-220-6743
546,Stace,Tebbutt,229-791-6312
547,Brannon,Leither,200-718-8465
548,Cristiano,Jackalin,852-804-7161
549,Sterne,Sessuns,396-831-5655
550,Silvanus,Griswaite,709-853-0790
551,Milzie,Southcott,669-655-2065
552,Hedwiga,Syme,930-551-0131
553,Esme,Michurin,978-870-0246
554,Durante,Jamieson,132-468-2235
555,Sada,Coey,293-963-9533
556,Alasteir,Grute,479-676-6059
557,Gabe,Rowlands,201-628-7176
558,Jerrie,Tromans,814-815-9243
559,Armando,Gorges,687-599-9774
560,Barnabas,Porker,197-108-2068
561,Conrade,Rebbeck,171-411-3733
562,Jeffry,Jenks,501-201-9956
563,Jenifer,Hellin,750-486-7760
564,Elli,Sweeney,904-279-7716
565,Holli,Spaven,801-479-2205
566,Sibilla,Muat,172-242-0530
567,Melany,Danzelman,616-479-0997
568,Genevra,Breukelman,262-675-1036
569,Goldi,Calcraft,743-315-0896
570,Waldemar,Nimmo,531-991-6164
571,Brandea,Foulis,296-679-7767
572,Patrica,Twist,370-358-0177
573,Brandtr,Sutherel,506-242-1658
574,Daveen,Davers,470-555-7809
575,Ethyl,McGiven,797-482-0127
576,Vitoria,Guise,938-459-1627
577,Valdemar,Fattore,873-326-2575
578,Dominga,Semor,310-500-7920
579,Cynthea,Demicoli,340-631-4883
580,Etan,Forsbey,711-505-8231
581,Wilfrid,O'Dougherty,898-253-2024
582,Lindsay,Simonou,832-532-2479
583,Jacki,Biggerstaff,615-749-0767
584,Odo,Portugal,956-295-0374
585,Giuditta,Reynish,496-944-0973
586,Oswald,Tollady,215-870-0274
587,Lexy,Kline,756-893-1145
588,Harrison,Leacy,898-360-7781
589,Leola,Abbiss,952-333-5430
590,Marleah,Steckings,279-887-3749
591,Olivero,Quigley,873-324-1280
592,Josie,Prigg,220-353-5413
593,Lesly,Sanday,654-356-8001
594,Jessalyn,Worham,188-213-8691
595,Garey,Zeal,681-301-1625
596,Tabatha,Ansett,333-248-7213
597,Scarface,Brecon,107-919-6861
598,Ernesta,Wayte,133-390-4602
599,Becca,Rawlin,318-918-5878
600,Zed,Gentner,427-317-7593
601,Sloane,Niesing,442-385-2821
602,Ilysa,Knagges,342-808-5374
603,Dwight,Bullimore,834-637-5594
604,Marsh,Marron,482-980-3588
605,Juditha,Schoffel,121-631-1917
606,Aymer,Jago,667-631-2456
607,Delphine,Crinidge,125-243-7354
608,Ricoriki,Gibbings,745-176-7312
609,Pail,Kemmey,810-109-2334
610,Wilt,Gosnoll,389-674-9789
611,Carlynne,Ghidetti,174-289-0304
612,Hynda,Launder,717-609-2158
613,Alphonso,McClarence,430-178-4391
614,Manda,Paddie,786-502-6567
615,Octavius,Predohl,680-162-1209
616,Allin,McGonigal,609-130-4755
617,Sandi,Banasiak,143-653-9115
618,Matty,Windless,849-166-5221
619,Denise,Winterton,921-314-4733
620,Syd,Derrick,327-185-6327
621,Say,Sauniere,966-430-6439
622,Ofelia,Rickasse,147-607-8791
623,Rozelle,Knudsen,825-857-4858
624,Montgomery,Prattington,963-501-6700
625,Roseline,Ocheltree,514-270-5212
626,Lesya,Hamm,790-622-7350
627,Eleen,Danielovitch,839-379-9329
628,Linzy,Renzullo,445-192-0310
629,Magdalena,O'Neal,173-509-0921
630,Barbara,MacKowle,604-909-6240
631,Leonie,Olczak,399-258-2616
632,Deerdre,Bazek,492-504-1016
633,Guy,Dignall,922-708-7774
634,Aleece,Wainer,571-289-9699
635,Aurlie,Darque,676-496-8530
636,Lizzy,Watkiss,401-472-5787
637,Roxana,Crowcher,379-107-8558
638,Chloris,Befroy,838-997-3220
639,Joell,Dudny,989-191-0740
640,Arlinda,Prium,116-316-4668
641,Gwendolin,Pitkins,284-471-9204
642,Freddy,Earry,115-713-6101
643,Shandy,McBay,918-956-8642
644,Sydel,Schaben,466-136-2321
645,Silvain,Garland,169-727-1437
646,Carilyn,Roja,214-681-3494
647,Lindsay,Wilkennson,637-477-1944
648,Alina,Ismay,942-153-1286
649,Kerianne,De Ferraris,484-307-3562
650,Brodie,Wilkes,984-977-2222
651,Jenna,Perigo,141-152-0651
652,Serene,Keast,298-972-5772
653,Jens,Kempe,570-154-9914
654,Granger,Larchiere,621-599-2138
655,Husain,Paprotny,751-621-0956
656,Virgie,McQuarter,430-517-1532
657,Alida,Birchill,134-337-5535
658,Frederica,Secombe,320-744-8651
659,Carmelle,Najafian,708-721-5111
660,Johnette,Champkins,387-636-1801
661,Haywood,Boylund,386-557-7658
662,Lindsey,Trowbridge,926-109-9312
663,Hadria,Brunsdon,118-375-4921
664,Vittorio,Oley,867-249-2409
665,Cleveland,Jayne,864-625-5234
666,Cherrita,Fullbrook,800-449-2878
667,Hadria,Ionn,398-377-1150
668,Dionis,Verrell,639-301-7604
669,Katina,Merdew,197-926-4597
670,Antonino,Fulford,764-461-3546
671,Vassily,Sparks,259-721-2969
672,Blake,Vokes,651-553-0784
673,Rhea,Ciottoi,876-586-7733
674,Anthea,Klosterman,503-275-7687
675,Cart,Pennoni,905-324-5082
676,Radcliffe,Gonsalo,913-174-1475
677,Mavis,Yukhtin,985-979-0378
678,Ansley,Perrat,286-756-5817
679,Barbee,Baldini,346-479-9505
680,Wiatt,Paradis,916-573-3410
681,Leighton,Pleven,756-115-7229
682,Mort,May,557-439-1992
683,Liam,Pllu,230-744-3038
684,Fidel,Vuitton,201-680-4904
685,Augustus,Brislawn,113-939-7366
686,Eleanora,Baruch,644-322-5625
687,Barri,Domerque,905-812-4255
688,Donaugh,Hewell,607-574-4640
689,Gratia,Haulkham,740-737-2889
690,Randi,Varndell,925-410-9801
691,Jaclin,Worsam,617-824-0737
692,Arlan,Cossam,894-985-1383
693,Daron,Jeynes,584-972-1689
694,See,Bovaird,373-513-2841
695,Sumner,Edmand,274-296-7564
696,Annice,Lally,722-662-6939
697,Denna,Vossgen,155-277-7002
698,Axel,Mumbray,565-460-0625
699,Luther,Curphey,244-598-0934
700,Vere,Ernke,138-216-8094
701,Galvan,Domingues,692-581-5873
702,Homere,Rostron,141-314-3435
703,Theresita,Skitt,619-992-0868
704,Wilfrid,Petrov,874-875-3143
705,Blanch,Vollam,881-505-1000
706,Kristien,De L'Isle,662-990-2991
707,Willie,Goater,745-434-7868
708,Ranice,Ugolini,193-933-4452
709,Shem,Gronous,800-265-0507
710,Flossi,Ghelerdini,953-139-0047
711,Jasmina,Farrah,314-339-9303
712,Corene,Croisdall,118-790-8416
713,Oralle,Trench,448-917-5944
714,Mozelle,Trewhitt,686-518-8077
715,Colin,Reinbach,187-496-7068
716,Verene,Bouda,838-657-2084
717,Tildy,Brommage,523-145-4699
718,Halimeda,O'Fihily,926-988-3900
719,Verney,Aikett,388-844-4879
720,Hinze,Brauns,645-382-7132
721,Sheila-kathryn,Knoller,425-244-6946
722,Ludovika,McCarroll,635-883-4522
723,Keith,Richardin,764-693-5181
724,Gleda,Bridden,174-548-9366
725,Ricardo,Ledford,920-504-1115
726,Norris,Spadeck,662-605-2057
727,Creigh,Bertholin,420-265-3766
728,Cristie,Drury,415-573-3058
729,Cale,Frostdick,842-116-4332
730,Britney,Whatman,746-613-9476
731,Ealasaid,Baynard,566-774-8310
732,Jolene,Brayshay,775-596-3377
733,Daphna,Mc Gorley,397-744-7153
734,Grantham,Whacket,133-105-2036
735,Pier,Vannacci,503-959-2108
736,Anna-maria,Picheford,430-196-1887
737,Merill,Parkman,766-375-0443
738,Sibeal,Maccrae,710-110-2630
739,Darline,Minette,291-310-9545
740,Catriona,Wooldridge,218-600-5385
741,Revkah,Collaton,352-584-6402
742,Farrand,Keelin,774-251-1855
743,Paquito,Hendrick,130-906-3096
744,Raeann,Francomb,503-689-7125
745,Ulberto,Collymore,279-113-0711
746,Tracy,Plumbley,186-642-2446
747,Sara,O'Bradain,766-803-9888
748,Johannah,Jaegar,136-802-0625
749,Anabella,Juszkiewicz,316-598-3466
750,Carolin,Michieli,144-949-5730
751,Creighton,Vedeshkin,763-199-0541
752,Valentine,Beadel,132-619-4684
753,Violet,Duchesne,586-308-8863
754,Pammie,Hayley,871-740-4689
755,Ber,Debling,723-294-6750
756,Malvina,Honack,184-111-5593
757,Paten,Drezzer,538-352-2733
758,Malia,Rearden,552-783-3466
759,Joanna,Connock,762-510-4279
760,Gardiner,Beagley,997-451-7211
761,Pincus,Garnar,653-432-9350
762,Nelly,Colls,409-852-0071
763,Karlotte,Lansley,178-588-8185
764,Pattin,Southey,793-549-4871
765,Valentina,Kubecka,837-950-5628
766,Rockie,Petlyura,339-169-0349
767,Denys,Duggen,300-746-3143
768,Talyah,Kettel,898-535-8824
769,Stephen,Spuffard,428-810-4632
770,Marc,Goggan,429-782-8217
771,Hamid,Berrycloth,372-593-4241
772,Berkly,Rickett,837-971-3542
773,Cora,Cantua,114-676-3063
774,Tedra,Hawk,190-434-8619
775,Loralyn,Josephoff,897-835-4965
776,Maggee,Hinckes,721-346-3551
777,Yul,Gee,891-624-1845
778,Fulton,Godrich,914-387-4270
779,Nomi,Kinvan,850-627-3583
780,Arlan,McMorran,826-459-8784
781,Sherman,Kensington,231-846-6787
782,Karlee,Lere,681-114-2429
783,Charmaine,Spurritt,405-890-6766
784,Araldo,Beadel,873-130-1660
785,Judi,Rainey,150-698-5488
786,Myron,Najara,581-154-1508
787,Haydon,Josefs,353-669-4147
788,Cairistiona,Harcourt,197-316-9973
789,Darci,Batstone,193-383-5874
790,Nani,Alldre,899-360-9470
791,Archambault,Gasken,390-696-4722
792,Jeniece,Klimashevich,255-357-2820
793,Nance,Sharvell,944-176-8498
794,Noami,Palke,152-951-2799
795,Wendye,Deniso,118-758-0921
796,Udell,Hewes,773-730-1468
797,Erminie,Le feuvre,632-524-8490
798,Colleen,Braunds,554-175-1988
799,Lyda,Bothe,895-319-2768
800,Rey,Antoniewski,517-869-0939
801,Valentine,Marchington,606-673-8169
802,Ulrica,Churchman,816-911-2296
803,Sophi,Merfin,471-572-4898
804,Tam,Bulfit,471-352-3596
805,Barnabe,Sealeaf,367-323-2834
806,Emili,Vannikov,257-652-2428
807,Warner,McKearnen,567-773-4276
808,Karee,Simonel,994-934-8487
809,Adelle,Kisbee,768-162-8764
810,Theresita,Arnfield,765-450-4551
811,Halette,Zorro,393-640-8148
812,Rik,Lamont,768-184-4201
813,Claudia,Vittel,301-858-5166
814,Eloisa,Ramet,825-234-1285
815,Sayers,Leacock,948-594-9314
816,Jim,Blasetti,283-813-6061
817,Alli,Haestier,236-684-4751
818,Caresse,Beldum,912-360-3189
819,Leora,Palethorpe,256-977-7503
820,Gil,Goude,543-791-8164
821,Rebeka,Josefovic,627-721-5008
822,Anne-corinne,MacBrearty,385-886-7102
823,Clarke,Coppen,809-847-1408
824,Matthus,Leadbeatter,554-540-4891
825,Grata,Darnody,591-103-7292
826,Anderson,Litchfield,233-703-6686
827,Charles,Tallyn,829-285-2712
828,Damien,Rogans,211-899-2146
829,Evered,Daulton,200-157-4039
830,Efrem,Chidler,161-712-4088
831,Delmor,Belvard,188-998-0803
832,Isidro,Haszard,140-193-4599
833,Hew,Laurens,240-749-4992
834,Queenie,Bowdrey,278-542-3623
835,Pam,Bazell,833-926-0660
836,Nelli,Roskam,947-279-6914
837,Gard,Forsdyke,439-890-3135
838,Nikolas,Rodbourne,663-965-1673
839,Alfonse,Lisciandro,837-511-8195
840,Weylin,Kingzet,791-147-2366
841,Gordy,Bamlet,886-890-3308
842,Olivero,Rissom,710-146-6661
843,Jack,Conradsen,727-132-2153
844,Milli,Varns,951-489-0530
845,Berti,Benford,966-528-6464
846,Shaylyn,Freathy,184-667-8838
847,Min,Zylbermann,596-222-5783
848,Coletta,Bird,177-521-2592
849,Jsandye,Boller,567-859-1450
850,Forrester,Treace,809-594-2655
851,Miguela,Espadater,359-592-0288
852,Monica,Ferreras,559-959-1472
853,Aylmar,Erett,815-352-1699
854,Warren,O'Dee,846-318-5471
855,Alicia,Kenzie,425-911-1211
856,Nessie,Nowick,641-644-7966
857,Susanna,Berresford,990-505-4921
858,Kain,Downes,979-364-6689
859,Ilysa,Eteen,935-644-1302
860,Rayner,McGeechan,895-368-1420
861,Jehanna,Bridgewater,416-911-8271
862,Leonelle,Lathee,231-104-4438
863,Johnny,Lieber,226-388-0988
864,Caresa,Cutting,220-468-0575
865,Rosaline,Sheen,879-235-6064
866,Michaelina,De'Vere - Hunt,811-891-6285
867,Godiva,MacIlory,514-787-9572
868,Saudra,Eskell,506-315-2826
869,Patty,Willatts,162-457-6305
870,Gracia,Wyllie,263-154-4092
871,Taber,Hawgood,632-698-0334
872,Rheta,De Ambrosis,330-596-2560
873,Gayel,Tenney,892-171-7497
874,Hartley,Stallibrass,911-785-7356
875,Ardine,Grewer,693-208-0947
876,Seth,Dunbobin,920-530-1430
877,Brok,Depka,337-125-9766
878,Lauretta,Webster,365-806-9829
879,Paige,Ewenson,973-102-5746
880,Shirley,Twoohy,790-325-6638
881,Pauly,Sawbridge,273-429-6038
882,Sibyl,Gilbody,771-840-3338
883,Gabriela,Spellissy,488-495-7456
884,Orelle,Thistleton,158-141-5616
885,Yancy,Rapi,154-833-8311
886,Laurena,McInility,802-572-5531
887,Ollie,Ewins,743-195-2616
888,Kali,Critcher,345-329-9966
889,Leon,Lygoe,602-698-9202
890,Cirstoforo,Ruslen,168-289-8769
891,Care,O'Tierney,951-242-8612
892,Sabrina,Ketton,462-303-9714
893,Adeline,Ruzicka,981-756-1537
894,Tybalt,Leyfield,480-626-3279
895,Angie,Brevetor,181-243-6775
896,Jackquelin,Cheevers,928-875-9311
897,Jeddy,Synnot,909-689-5704
898,Zed,Jurs,125-439-9670
899,La verne,Diaper,630-126-7945
900,Letty,Crane,956-689-8851
901,Robinet,Chater,406-198-7408
902,Waring,Smithies,106-255-3324
903,Standford,Braganza,983-167-0065
904,Glen,McShane,666-380-9112
905,Florie,Falkus,415-537-8802
906,Regen,Leadley,790-464-7495
907,Andie,Norley,525-725-5922
908,Jere,Bondy,255-391-9909
909,Rozanna,Blaycock,489-612-8841
910,Annadiana,Cosh,538-926-3620
911,Lorine,Blemings,702-379-4389
912,Iris,Fielders,925-313-9320
913,Amalita,Stoffer,583-458-7321
914,Guillermo,Streather,527-183-6108
915,Bard,East,756-286-1162
916,Lanny,Hembry,336-647-2439
917,Baudoin,Furneaux,467-150-0759
918,Nerte,Scoles,472-655-3465
919,Elisa,Kemmish,667-445-5853
920,Imojean,Leed,486-614-7431
921,Virge,Tree,890-307-7120
922,Delmore,Throssell,468-122-0916
923,Willabella,Wilkinson,751-551-1084
924,Bron,Pentycost,869-693-7520
925,Dulcea,Moggie,401-385-7970
926,Franky,Christophersen,277-156-8056
927,Aleen,Bisgrove,893-436-5815
928,Grove,Sweett,799-552-0434
929,Rick,Dargavel,581-440-7710
930,Carin,Claisse,797-286-9050
931,Patin,Tansill,362-168-9935
932,Gregg,Tuckie,247-144-2650
933,Orelia,Cejka,392-953-0628
934,Crysta,MacAlees,620-912-2237
935,Paige,Tuiller,115-507-7823
936,Perren,Metschke,637-725-3883
937,Merrile,Randerson,232-776-1835
938,Hy,Hawkes,943-594-0630
939,Charles,Blackly,108-778-6563
940,Bartholomeo,Smiley,759-369-3090
941,Colver,Sappell,676-728-8467
942,Becka,Thickpenny,712-200-4371
943,Maria,Dismore,463-140-5549
944,Coleman,Durnford,858-135-8819
945,Nanci,Keoghan,431-973-8832
946,Hagan,Simla,813-657-4234
947,Sam,Summerlee,994-409-5270
948,Pate,Josefer,270-610-8091
949,Barnard,Aupol,863-550-5316
950,Malanie,Sheeran,497-407-1668
951,Randi,Champney,676-197-4181
952,Rachel,Skingley,128-994-2300
953,Reggi,Llop,338-579-4981
954,Marlo,Frangione,241-703-5412
955,Verge,Lorans,184-127-8907
956,Fifi,Yoskowitz,108-315-2921
957,Elena,Crigin,181-995-3246
958,Lucila,McCrossan,321-153-0007
959,Cairistiona,Ledington,960-583-0516
960,Nataline,Okenden,916-597-8288
961,Standford,Vlasyev,324-565-5615
962,Fiann,McColgan,311-640-5894
963,Meade,Paunton,568-789-4545
964,Marcello,Easman,669-454-4607
965,Tybalt,Haswall,864-548-1001
966,Ebeneser,Brunet,584-621-3243
967,Flossi,Negro,838-955-0848
968,Avigdor,Liversidge,401-385-8568
969,Berne,Ambrus,176-194-6832
970,Early,Grigolon,918-250-5277
971,Walliw,Tyer,156-205-4115
972,Brinn,MacAlinden,405-895-5740
973,Claretta,Trewhella,554-341-4787
974,Maire,Fucher,165-580-8714
975,Gwenette,Kobpac,332-215-6324
976,Sayer,Trotter,284-272-7784
977,Benni,Saveall,142-525-7625
978,Maurise,Leate,880-969-7725
979,Isabella,Tatters,682-672-5629
980,Gussy,Fieldgate,995-212-6449
981,Josephina,Fanton,251-868-9951
982,Hamish,Truss,147-466-7387
983,Callie,Fellos,279-482-8321
984,Arty,Petegree,436-334-1638
985,Olivia,Peret,240-398-7201
986,Hendrick,Rubenov,584-172-7116
987,Ty,Puttan,281-455-8967
988,Broddy,Boullin,595-546-6374
989,Adi,Harbidge,689-564-0951
990,Heath,Polino,486-787-9963
991,Cecil,Caple,600-665-1697
992,Riley,Duggan,409-344-7854
993,Terry,Medcalfe,593-833-7487
994,Genevra,Tesimon,300-817-0828
995,Nikolos,De Filippis,535-375-5850
996,Jess,McCarlie,628-878-0823
997,Anton,Wooton,451-931-3102
998,Tammara,Brosini,662-943-4417
999,Priscilla,Gleadhall,778-205-6413
1000,Denise,Fleisch,419-859-1002
