city,state,id
Achalpur,Maharashtra,1
Achhnera,Uttar Pradesh,2
Adalaj,Gujarat,3
Adilabad,Telangana,4
Adityapur,Jharkhand,5
Adoni,Andhra Pradesh,6
Adoor,Kerala,7
Adyar,Karnataka,8
Adra,West Bengal,9
Afzalpur,Karnataka,10
Agartala,Tripura,11
Agra,Uttar Pradesh,12
Ahmedabad,Gujarat,13
Ahmednagar,Maharashtra,14
Aizawl,Mizoram,15
Ajmer,Rajasthan,16
Akola,Maharashtra,17
Akot,Maharashtra,18
Alappuzha,Kerala,19
Aligarh,Uttar Pradesh,20
Alipurduar,West Bengal,21
Alirajpur,Madhya Pradesh,22
Allahabad,Uttar Pradesh,23
Alwar,Rajasthan,24
Amalapuram,Andhra Pradesh,25
Amalner,Maharashtra,26
Ambejogai,Maharashtra,27
Ambikapur,Chhattisgarh,28
Amravati,Maharashtra,29
Amreli,Gujarat,30
Amritsar,Punjab,31
Amroha,Uttar Pradesh,32
Anakapalle,Andhra Pradesh,33
Anand,Gujarat,34
Anantapur,Andhra Pradesh,35
Anantnag,Jammu and Kashmir,36
Anjar,Gujarat,37
Anjangaon,Maharashtra,38
Ankleshwar,Gujarat,39
Arakkonam,Tamil Nadu,40
Araria,Bihar,41
Arambagh,West Bengal,42
Arsikere,Karnataka,43
Arrah,Bihar,44
Aruppukkottai,Tamil Nadu,45
Arvi,Maharashtra,46
Arwal,Bihar,47
Asansol,West Bengal,48
Asarganj,Bihar,49
Ashok Nagar,Madhya Pradesh,50
Athni,Karnataka,51
Attingal,Kerala,52
Aurangabad,Maharashtra,53
Aurangabad,Bihar,54
Azamgarh,Uttar Pradesh,55
Bikaner,Rajasthan,56
Bhiwandi,Maharashtra,57
Bagaha,Bihar,58
Bageshwar,Uttarakhand,59
Bahadurgarh,Haryana,60
Baharampur,West Bengal,61
Bahraich,Uttar Pradesh,62
Balaghat,Madhya Pradesh,63
Balangir,Odisha,64
Baleshwar Town,Odisha,65
Bengaluru,Karnataka,66
Bankura,West Bengal,67
Bapatla,Andhra Pradesh,68
Baramula,Jammu and Kashmir,69
Barbil,Odisha,70
Bargarh,Odisha,71
Barh,Bihar,72
Baripada Town,Odisha,73
Barnala,Punjab,74
Barpeta,Assam,75
Batala,Punjab,76
Bathinda,Punjab,77
Begusarai,Bihar,78
Belagavi,Karnataka,79
Bellampalle,Telangana,80
Ballari,Karnataka,81
Belonia,Tripura,82
Bettiah,Bihar,83
Bhabua,Bihar,84
Bhadrachalam,Telangana,85
Bhadrak,Odisha,86
Bhagalpur,Bihar,87
Bhainsa,Telangana,88
Bharuch,Gujarat,89
Bhatapara,Chhattisgarh,90
Bhavnagar,Gujarat,91
Bhawanipatna,Odisha,92
Bheemunipatnam,Andhra Pradesh,93
Bhilai Nagar,Chhattisgarh,94
Bhilwara,Rajasthan,95
Bhimavaram,Andhra Pradesh,96
Bhiwani,Haryana,97
Bhongir,Telangana,98
Bhopal,Madhya Pradesh,99
Bhubaneswar,Odisha,100
Bhuj,Gujarat,101
Bilaspur,Chhattisgarh,102
Bobbili,Andhra Pradesh,103
Bodhan,Telangana,104
Bokaro Steel City,Jharkhand,105
Bongaigaon City,Assam,106
Brahmapur,Odisha,107
Buxar,Bihar,108
Byasanagar,Odisha,109
Chandausi,Uttar Pradesh,110
Chaibasa,Jharkhand,111
Chandigarh,Chandigarh,112
Charkhi Dadri,Haryana,113
Chatra,Jharkhand,114
Chalakudy,Kerala,115
Changanassery,Kerala,116
Chennai,Tamil Nadu,117
Cherthala,Kerala,118
Chikkamagaluru,Karnataka,119
Chhapra,Gujarat,120
Chilakaluripet,Andhra Pradesh,121
Chirala,Andhra Pradesh,122
Chirkunda,Jharkhand,123
Chirmiri,Chhattisgarh,124
Chittur-Thathamangalam,Kerala,125
Chittoor,Andhra Pradesh,126
Coimbatore,Tamil Nadu,127
Cuttack,Odisha,128
Dalli-Rajhara,Chhattisgarh,129
Medininagar (Daltonganj),Jharkhand,130
Darbhanga,Bihar,131
Darjiling,West Bengal,132
Davanagere,Karnataka,133
Deesa,Gujarat,134
Dehradun,Uttarakhand,135
Dehri-on-Sone,Bihar,136
Delhi,Delhi,137
Deoghar,Jharkhand,138
Dhamtari,Chhattisgarh,139
Dhanbad,Jharkhand,140
Dharmanagar,Tripura,141
Dharmavaram,Andhra Pradesh,142
Dhenkanal,Odisha,143
Dhoraji,Gujarat,144
Dhubri,Assam,145
Dhule,Maharashtra,146
Dhuri,Punjab,147
Dibrugarh,Assam,148
Dimapur,Nagaland,149
Diphu,Assam,150
Kalyan-Dombivali,Maharashtra,151
Dumka,Jharkhand,152
Dumraon,Bihar,153
Durg,Chhattisgarh,154
Eluru,Andhra Pradesh,155
Erode,Tamil Nadu,156
English Bazar,West Bengal,157
Etawah,Uttar Pradesh,158
Faridabad,Haryana,159
Faridkot,Punjab,160
Firozabad,Uttar Pradesh,161
Farooqnagar,Telangana,162
Fatehabad,Haryana,163
Fazilka,Punjab,164
Forbesganj,Bihar,165
Firozpur,Punjab,166
Firozpur Cantt.,Punjab,167
Fatehpur Sikri,Uttar Pradesh,168
Gadwal,Telangana,169
Ganjbasoda,Madhya Pradesh,170
Gaya,Bihar,171
Giridih,Jharkhand,172
Goalpara,Assam,173
Gobichettipalayam,Tamil Nadu,174
Gobindgarh,Punjab,175
Godhra,Gujarat,176
Gohana,Haryana,177
Gokak,Karnataka,178
Gooty,Andhra Pradesh,179
Gopalganj,Bihar,180
Gudivada,Andhra Pradesh,181
Gudur,Andhra Pradesh,182
Gumia,Jharkhand,183
Guntakal,Andhra Pradesh,184
Guntur,Andhra Pradesh,185
Gurdaspur,Punjab,186
Gurgaon,Haryana,187
Guruvayoor,Kerala,188
Guwahati,Assam,189
Gwalior,Madhya Pradesh,190
Habra,West Bengal,191
Hajipur,Bihar,192
Haldwani,Uttarakhand,193
Hansi,Haryana,194
Hapur,Uttar Pradesh,195
Hardwar,Uttarakhand,196
Hazaribag,Jharkhand,197
Hindupur,Andhra Pradesh,198
Hisar,Haryana,199
Hoshiarpur,Punjab,200
Hubli-Dharwad,Karnataka,201
Hugli-Chinsurah,West Bengal,202
Hyderabad,Telangana,203
Ichalkaranji,Maharashtra,204
Imphal,Manipur,205
Indore,Madhya Pradesh,206
Itarsi,Madhya Pradesh,207
Jabalpur,Madhya Pradesh,208
Jagdalpur,Chhattisgarh,209
Jaggaiahpet,Andhra Pradesh,210
Jagraon,Punjab,211
Jagtial,Telangana,212
Jaipur,Rajasthan,213
Jalandhar Cantt.,Punjab,214
Jalandhar,Punjab,215
Jalpaiguri,West Bengal,216
Jamalpur,Bihar,217
Jammalamadugu,Andhra Pradesh,218
Jammu,Jammu and Kashmir,219
Jamnagar,Gujarat,220
Jamshedpur,Jharkhand,221
Jamui,Bihar,222
Jangaon,Telangana,223
Jatani,Odisha,224
Jehanabad,Bihar,225
Jhansi,Uttar Pradesh,226
Jhargram,West Bengal,227
Jharsuguda,Odisha,228
Jhumri Tilaiya,Jharkhand,229
Jind,Haryana,230
Jorhat,Assam,231
Jodhpur,Rajasthan,232
Kadapa,Andhra Pradesh,233
Kadi,Gujarat,234
Kadiri,Andhra Pradesh,235
Kagaznagar,Telangana,236
Kailasahar,Tripura,237
Kaithal,Haryana,238
Kakinada,Andhra Pradesh,239
Kalpi,Uttar Pradesh,240
Kalyan-Dombivali,Maharashtra,241
Kamareddy,Telangana,242
Kancheepuram,Tamil Nadu,243
Kandukur,Andhra Pradesh,244
Kanhangad,Kerala,245
Kannur,Kerala,246
Kanpur,Uttar Pradesh,247
Kapadvanj,Gujarat,248
Kapurthala,Punjab,249
Karaikal,Puducherry,250
Karimganj,Assam,251
Karimnagar,Telangana,252
Karjat,Maharashtra,253
Karnal,Haryana,254
Karur,Tamil Nadu,255
Karwar,Karnataka,256
Kasaragod,Kerala,257
Kashipur,Uttarakhand,258
Kathua,Jammu and Kashmir,259
Katihar,Bihar,260
Kavali,Andhra Pradesh,261
Kayamkulam,Kerala,262
Kendrapara,Odisha,263
Kendujhar,Odisha,264
Keshod,Gujarat,265
Khair,Uttar Pradesh,266
Khambhat,Gujarat,267
Khammam,Telangana,268
Khanna,Punjab,269
Kharagpur,West Bengal,270
Kharar,Punjab,271
Khowai,Tripura,272
Kishanganj,Bihar,273
Kochi,Kerala,274
Kodungallur,Kerala,275
Kohima,Nagaland,276
Kolar,Karnataka,277
Kolkata,West Bengal,278
Kollam,Kerala,279
Korba,Chhattisgarh,280
Koratla,Telangana,281
Kot Kapura,Punjab,282
Kothagudem,Telangana,283
Kottayam,Kerala,284
Kovvur,Andhra Pradesh,285
Kozhikode,Kerala,286
Kunnamkulam,Kerala,287
Kurnool,Andhra Pradesh,288
Kyathampalle,Telangana,289
Lachhmangarh,Rajasthan,290
Ladnu,Rajasthan,291
Ladwa,Haryana,292
Lahar,Madhya Pradesh,293
Laharpur,Uttar Pradesh,294
Lakheri,Rajasthan,295
Lakhimpur,Uttar Pradesh,296
Lakhisarai,Bihar,297
Lakshmeshwar,Karnataka,298
Lal Gopalganj Nindaura,Uttar Pradesh,299
Lalganj,Bihar,300
Lalgudi,Tamil Nadu,301
Lalitpur,Uttar Pradesh,302
Lalganj,Uttar Pradesh,303
Lalsot,Rajasthan,304
Lanka,Assam,305
Lar,Uttar Pradesh,306
Lathi,Gujarat,307
Latur,Maharashtra,308
Lilong,Manipur,309
Limbdi,Gujarat,310
Lingsugur,Karnataka,311
Loha,Maharashtra,312
Lohardaga,Jharkhand,313
Lonar,Maharashtra,314
Lonavla,Maharashtra,315
Longowal,Punjab,316
Loni,Uttar Pradesh,317
Losal,Rajasthan,318
Lucknow,Uttar Pradesh,319
Ludhiana,Punjab,320
Lumding,Assam,321
Lunawada,Gujarat,322
Lunglei,Mizoram,323
Macherla,Andhra Pradesh,324
Machilipatnam,Andhra Pradesh,325
Madanapalle,Andhra Pradesh,326
Maddur,Karnataka,327
Madhepura,Bihar,328
Madhubani,Bihar,329
Madhugiri,Karnataka,330
Madhupur,Jharkhand,331
Madikeri,Karnataka,332
Madurai,Tamil Nadu,333
Magadi,Karnataka,334
Mahad,Maharashtra,335
Mahbubnagar,Telangana,336
Mahalingapura,Karnataka,337
Maharajganj,Bihar,338
Maharajpur,Madhya Pradesh,339
Mahasamund,Chhattisgarh,340
Mahe,Puducherry,341
Manendragarh,Chhattisgarh,342
Mahendragarh,Haryana,343
Mahesana,Gujarat,344
Mahidpur,Madhya Pradesh,345
Mahnar Bazar,Bihar,346
Mahuva,Gujarat,347
Maihar,Madhya Pradesh,348
Mainaguri,West Bengal,349
Makhdumpur,Bihar,350
Makrana,Rajasthan,351
Malda,West Bengal,352
Malaj Khand,Madhya Pradesh,353
Malappuram,Kerala,354
Malavalli,Karnataka,355
Malegaon,Maharashtra,356
Malerkotla,Punjab,357
Malkangiri,Odisha,358
Malkapur,Maharashtra,359
Malout,Punjab,360
Malpura,Rajasthan,361
Malur,Karnataka,362
Manachanallur,Tamil Nadu,363
Manasa,Madhya Pradesh,364
Manavadar,Gujarat,365
Manawar,Madhya Pradesh,366
Mancherial,Telangana,367
Mandalgarh,Rajasthan,368
Mandamarri,Telangana,369
Mandapeta,Andhra Pradesh,370
Mandawa,Rajasthan,371
Mandi,Himachal Pradesh,372
Mandi Dabwali,Haryana,373
Mandideep,Madhya Pradesh,374
Mandla,Madhya Pradesh,375
Mandsaur,Madhya Pradesh,376
Mandvi,Gujarat,377
Mandya,Karnataka,378
Maner,Bihar,379
Mangaldoi,Assam,380
Mangaluru,Karnataka,381
Mangalvedhe,Maharashtra,382
Manglaur,Uttarakhand,383
Mangrol,Gujarat,384
Mangrol,Rajasthan,385
Mangrulpir,Maharashtra,386
Manihari,Bihar,387
Manjlegaon,Maharashtra,388
Mankachar,Assam,389
Manmad,Maharashtra,390
Mansa,Punjab,391
Mansa,Gujarat,392
Manuguru,Telangana,393
Manvi,Karnataka,394
Manwath,Maharashtra,395
Mapusa,Goa,396
Margao,Goa,397
Margherita,Assam,398
Marhaura,Bihar,399
Mariani,Assam,400
Marigaon,Assam,401
Markapur,Andhra Pradesh,402
Marmagao,Goa,403
Masaurhi,Bihar,404
Mathabhanga,West Bengal,405
Mattannur,Kerala,406
Mathura,Uttar Pradesh,407
Mauganj,Madhya Pradesh,408
Mavelikkara,Kerala,409
Mavoor,Kerala,410
Mayang Imphal,Manipur,411
Medak,Telangana,412
Medinipur,West Bengal,413
Meerut,Uttar Pradesh,414
Mehkar,Maharashtra,415
Mahemdabad,Gujarat,416
Memari,West Bengal,417
Merta City,Rajasthan,418
Mhaswad,Maharashtra,419
Mhow Cantonment,Madhya Pradesh,420
Mhowgaon,Madhya Pradesh,421
Mihijam,Jharkhand,422
Mira-Bhayandar,Maharashtra,423
Mirganj,Bihar,424
Miryalaguda,Telangana,425
Modasa,Gujarat,426
Modinagar,Uttar Pradesh,427
Moga,Punjab,428
Mohali,Punjab,429
Mokameh,Bihar,430
Mokokchung,Nagaland,431
Monoharpur,West Bengal,432
Moradabad,Uttar Pradesh,433
Morena,Madhya Pradesh,434
Morinda,Punjab,435
Morshi,Maharashtra,436
Morvi,Gujarat,437
Motihari,Bihar,438
Motipur,Bihar,439
Mount Abu,Rajasthan,440
Mudalagi,Karnataka,441
Mudabidri,Karnataka,442
Muddebihal,Karnataka,443
Mudhol,Karnataka,444
Mukerian,Punjab,445
Mukhed,Maharashtra,446
Muktsar,Punjab,447
Mul,Maharashtra,448
Mulbagal,Karnataka,449
Multai,Madhya Pradesh,450
Greater Mumbai*,Maharashtra,451
Mundi,Madhya Pradesh,452
Mundargi,Karnataka,453
Mungeli,Chhattisgarh,454
Munger,Bihar,455
Murliganj,Bihar,456
Murshidabad,West Bengal,457
Murtijapur,Maharashtra,458
Murwara,Madhya Pradesh,459
Musabani,Jharkhand,460
Mussoorie,Uttarakhand,461
Muvattupuzha,Kerala,462
Muzaffarpur,Bihar,463
Nabadwip,West Bengal,464
Nabarangapur,Odisha,465
Nabha,Punjab,466
Nadbai,Rajasthan,467
Nadiad,Gujarat,468
Nagaon,Assam,469
Nagapattinam,Tamil Nadu,470
Nagar,Rajasthan,471
Nagari,Andhra Pradesh,472
Nagarkurnool,Telangana,473
Nagaur,Rajasthan,474
Nagda,Madhya Pradesh,475
Nagercoil,Tamil Nadu,476
Nagina,Uttar Pradesh,477
Nagla,Uttarakhand,478
Nagpur,Maharashtra,479
Nahan,Himachal Pradesh,480
Naharlagun,Arunachal Pradesh,481
Naidupet,Andhra Pradesh,482
Naihati,West Bengal,483
Naila Janjgir,Chhattisgarh,484
Nainital,Uttarakhand,485
Nainpur,Madhya Pradesh,486
Najibabad,Uttar Pradesh,487
Nakodar,Punjab,488
Nakur,Uttar Pradesh,489
Nalbari,Assam,490
Namagiripettai,Tamil Nadu,491
Namakkal,Tamil Nadu,492
Nanded-Waghala,Maharashtra,493
Nandgaon,Maharashtra,494
Nandivaram-Guduvancheri,Tamil Nadu,495
Nandura,Maharashtra,496
Nandurbar,Maharashtra,497
Nandyal,Andhra Pradesh,498
Nangal,Punjab,499
Nanjangud,Karnataka,500
Nanjikottai,Tamil Nadu,501
Nanpara,Uttar Pradesh,502
Narasapuram,Andhra Pradesh,503
Narasaraopet,Andhra Pradesh,504
Naraura,Uttar Pradesh,505
Narayanpet,Telangana,506
Nargund,Karnataka,507
Narkatiaganj,Bihar,508
Narkhed,Maharashtra,509
Narnaul,Haryana,510
Narsinghgarh,Madhya Pradesh,511
Narsinghgarh,Madhya Pradesh,512
Narsipatnam,Andhra Pradesh,513
Narwana,Haryana,514
Nashik,Maharashtra,515
Nasirabad,Rajasthan,516
Natham,Tamil Nadu,517
Nathdwara,Rajasthan,518
Naugachhia,Bihar,519
Naugawan Sadat,Uttar Pradesh,520
Nautanwa,Uttar Pradesh,521
Navalgund,Karnataka,522
Navi Mumbai,Maharashtra,523
Navsari,Gujarat,524
Nawabganj,Uttar Pradesh,525
Nawada,Bihar,526
Nawanshahr,Punjab,527
Nawapur,Maharashtra,528
Nedumangad,Kerala,529
Neem-Ka-Thana,Rajasthan,530
Neemuch,Madhya Pradesh,531
Nehtaur,Uttar Pradesh,532
Nelamangala,Karnataka,533
Nellikuppam,Tamil Nadu,534
Nellore,Andhra Pradesh,535
Nepanagar,Madhya Pradesh,536
New Delhi,Delhi,537
Neyveli (TS),Tamil Nadu,538
Neyyattinkara,Kerala,539
Nidadavole,Andhra Pradesh,540
Nilanga,Maharashtra,541
Nilambur,Kerala,542
Nimbahera,Rajasthan,543
Nirmal,Telangana,544
Niwari,Madhya Pradesh,545
Niwai,Uttar Pradesh,546
Nizamabad,Telangana,547
Nohar,Rajasthan,548
Noida,Uttar Pradesh,549
Nokha,Bihar,550
Nokha,Rajasthan,551
Nongstoin,Meghalaya,552
Noorpur,Uttar Pradesh,553
North Lakhimpur,Assam,554
Nowgong,Madhya Pradesh,555
Nowrozabad (Khodargama),Madhya Pradesh,556
Nuzvid,Andhra Pradesh,557
O' Valley,Tamil Nadu,558
Oddanchatram,Tamil Nadu,559
Obra,Uttar Pradesh,560
Ongole,Andhra Pradesh,561
Orai,Uttar Pradesh,562
Osmanabad,Maharashtra,563
Ottappalam,Kerala,564
Ozar,Maharashtra,565
P.N.Patti,Tamil Nadu,566
Pachora,Maharashtra,567
Pachore,Madhya Pradesh,568
Pacode,Tamil Nadu,569
Padmanabhapuram,Tamil Nadu,570
Padra,Gujarat,571
Padrauna,Uttar Pradesh,572
Paithan,Maharashtra,573
Pakaur,Jharkhand,574
Palacole,Andhra Pradesh,575
Palai,Kerala,576
Palakkad,Kerala,577
Palani,Tamil Nadu,578
Palanpur,Gujarat,579
Palasa Kasibugga,Andhra Pradesh,580
Palghar,Maharashtra,581
Pali,Rajasthan,582
Pali,Madhya Pradesh,583
Palia Kalan,Uttar Pradesh,584
Palitana,Gujarat,585
Palladam,Tamil Nadu,586
Pallapatti,Tamil Nadu,587
Pallikonda,Tamil Nadu,588
Palwal,Haryana,589
Palwancha,Telangana,590
Panagar,Madhya Pradesh,591
Panagudi,Tamil Nadu,592
Panaji,Goa,593
Panamattom,Kerala,594
Panchkula,Haryana,595
Panchla,West Bengal,596
Pandharkaoda,Maharashtra,597
Pandharpur,Maharashtra,598
Pandhurna,Madhya Pradesh,599
Pandua,West Bengal,600
Panipat,Haryana,601
Panna,Madhya Pradesh,602
Panniyannur,Kerala,603
Panruti,Tamil Nadu,604
Panvel,Maharashtra,605
Pappinisseri,Kerala,606
Paradip,Odisha,607
Paramakudi,Tamil Nadu,608
Parangipettai,Tamil Nadu,609
Parasi,Uttar Pradesh,610
Paravoor,Kerala,611
Parbhani,Maharashtra,612
Pardi,Gujarat,613
Parlakhemundi,Odisha,614
Parli,Maharashtra,615
Partur,Maharashtra,616
Parvathipuram,Andhra Pradesh,617
Pasan,Madhya Pradesh,618
Paschim Punropara,West Bengal,619
Pasighat,Arunachal Pradesh,620
Patan,Gujarat,621
Pathanamthitta,Kerala,622
Pathankot,Punjab,623
Pathardi,Maharashtra,624
Pathri,Maharashtra,625
Patiala,Punjab,626
Patna,Bihar,627
Pattran,Punjab,628
Patratu,Jharkhand,629
Pattamundai,Odisha,630
Patti,Punjab,631
Pattukkottai,Tamil Nadu,632
Patur,Maharashtra,633
Pauni,Maharashtra,634
Pauri,Uttarakhand,635
Pavagada,Karnataka,636
Pedana,Andhra Pradesh,637
Peddapuram,Andhra Pradesh,638
Pehowa,Haryana,639
Pen,Maharashtra,640
Perambalur,Tamil Nadu,641
Peravurani,Tamil Nadu,642
Peringathur,Kerala,643
Perinthalmanna,Kerala,644
Periyakulam,Tamil Nadu,645
Periyasemur,Tamil Nadu,646
Pernampattu,Tamil Nadu,647
Perumbavoor,Kerala,648
Petlad,Gujarat,649
Phagwara,Punjab,650
Phalodi,Rajasthan,651
Phaltan,Maharashtra,652
Phillaur,Punjab,653
Phulabani,Odisha,654
Phulera,Rajasthan,655
Phulpur,Uttar Pradesh,656
Phusro,Jharkhand,657
Pihani,Uttar Pradesh,658
Pilani,Rajasthan,659
Pilibanga,Rajasthan,660
Pilibhit,Uttar Pradesh,661
Pilkhuwa,Uttar Pradesh,662
Pindwara,Rajasthan,663
Pinjore,Haryana,664
Pipar City,Rajasthan,665
Pipariya,Madhya Pradesh,666
Piro,Bihar,667
Piriyapatna,Karnataka,668
Pithampur,Madhya Pradesh,669
Pithapuram,Andhra Pradesh,670
Pithoragarh,Uttarakhand,671
Pollachi,Tamil Nadu,672
Polur,Tamil Nadu,673
Pondicherry,Puducherry,674
Ponnani,Kerala,675
Ponneri,Tamil Nadu,676
Ponnur,Andhra Pradesh,677
Porbandar,Gujarat,678
Porsa,Madhya Pradesh,679
Port Blair,Andaman and Nicobar Islands,680
Powayan,Uttar Pradesh,681
Prantij,Rajasthan,682
Pratapgarh,Rajasthan,683
Pratapgarh,Tripura,684
Prithvipur,Madhya Pradesh,685
Proddatur,Andhra Pradesh,686
Pudukkottai,Tamil Nadu,687
Pudupattinam,Tamil Nadu,688
Pukhrayan,Uttar Pradesh,689
Pulgaon,Maharashtra,690
Puliyankudi,Tamil Nadu,691
Punalur,Kerala,692
Punch,Jammu and Kashmir,693
Pune,Maharashtra,694
Punjaipugalur,Tamil Nadu,695
Punganur,Andhra Pradesh,696
Puranpur,Uttar Pradesh,697
Purna,Maharashtra,698
Puri,Odisha,699
Purnia,Bihar,700
Purquazi,Uttar Pradesh,701
Purulia,West Bengal,702
Purwa,Uttar Pradesh,703
Pusad,Maharashtra,704
Puttur,Karnataka,705
Puthuppally,Kerala,706
Puttur,Andhra Pradesh,707
Qadian,Punjab,708
Koyilandy,Kerala,709
Rabkavi Banhatti,Karnataka,710
Radhanpur,Gujarat,711
Rae Bareli,Uttar Pradesh,712
Rafiganj,Bihar,713
Raghogarh-Vijaypur,Madhya Pradesh,714
Raghunathpur,West Bengal,715
Raghunathganj,West Bengal,716
Rahatgarh,Madhya Pradesh,717
Rahuri,Maharashtra,718
Raayachuru,Karnataka,719
Raiganj,West Bengal,720
Raigarh,Chhattisgarh,721
Ranebennuru,Karnataka,722
Ranipet,Tamil Nadu,723
Raikot,Punjab,724
Raipur,Chhattisgarh,725
Rairangpur,Odisha,726
Raisen,Madhya Pradesh,727
Raisinghnagar,Rajasthan,728
Rajagangapur,Odisha,729
Rajahmundry,Andhra Pradesh,730
Rajakhera,Rajasthan,731
Rajaldesar,Rajasthan,732
Rajam,Andhra Pradesh,733
Rajampet,Andhra Pradesh,734
Rajapalayam,Tamil Nadu,735
Rajauri,Jammu and Kashmir,736
Rajgarh (Alwar),Rajasthan,737
Rajgarh (Churu),Rajasthan,738
Rajgarh,Madhya Pradesh,739
Rajgir,Bihar,740
Rajkot,Gujarat,741
Rajnandgaon,Chhattisgarh,742
Rajpipla,Gujarat,743
Rajpura,Punjab,744
Rajsamand,Rajasthan,745
Rajula,Gujarat,746
Rajura,Maharashtra,747
Ramachandrapuram,Andhra Pradesh,748
Ramagundam,Telangana,749
Ramanagaram,Karnataka,750
Ramanathapuram,Tamil Nadu,751
Ramdurg,Karnataka,752
Rameshwaram,Tamil Nadu,753
Ramganj Mandi,Rajasthan,754
Ramgarh,Jharkhand,755
Ramngarh,Rajasthan,756
Ramnagar,Bihar,757
Ramnagar,Uttarakhand,758
Rampur,Uttar Pradesh,759
Rampur Maniharan,Uttar Pradesh,760
Rampur Maniharan,Uttar Pradesh,761
Rampura Phul,Punjab,762
Rampurhat,West Bengal,763
Ramtek,Maharashtra,764
Ranaghat,West Bengal,765
Ranavav,Gujarat,766
Ranchi,Jharkhand,767
Rangia,Assam,768
Rania,Haryana,769
Ranibennur,Karnataka,770
Rapar,Gujarat,771
Rasipuram,Tamil Nadu,772
Rasra,Uttar Pradesh,773
Ratangarh,Rajasthan,774
Rath,Uttar Pradesh,775
Ratia,Haryana,776
Ratlam,Madhya Pradesh,777
Ratnagiri,Maharashtra,778
Rau,Madhya Pradesh,779
Raurkela,Odisha,780
Raver,Maharashtra,781
Rawatbhata,Rajasthan,782
Rawatsar,Rajasthan,783
Raxaul Bazar,Bihar,784
Rayachoti,Andhra Pradesh,785
Rayadurg,Andhra Pradesh,786
Rayagada,Odisha,787
Reengus,Rajasthan,788
Rehli,Madhya Pradesh,789
Renigunta,Andhra Pradesh,790
Renukoot,Uttar Pradesh,791
Reoti,Uttar Pradesh,792
Repalle,Andhra Pradesh,793
Revelganj,Bihar,794
Rewa,Madhya Pradesh,795
Rewari,Haryana,796
Rishikesh,Uttarakhand,797
Risod,Maharashtra,798
Robertsganj,Uttar Pradesh,799
Robertson Pet,Karnataka,800
Rohtak,Haryana,801
Ron,Karnataka,802
Roorkee,Uttarakhand,803
Rosera,Bihar,804
Rudauli,Uttar Pradesh,805
Rudrapur,Uttarakhand,806
Rudrapur,Uttar Pradesh,807
Rupnagar,Punjab,808
Sabalgarh,Madhya Pradesh,809
Sadabad,Uttar Pradesh,810
Sadalagi,Karnataka,811
Sadasivpet,Telangana,812
Sadri,Rajasthan,813
Sadulshahar,Rajasthan,814
Sadulpur,Rajasthan,815
Safidon,Haryana,816
Safipur,Uttar Pradesh,817
Sagar,Madhya Pradesh,818
Sagara,Karnataka,819
Sagwara,Rajasthan,820
Saharanpur,Uttar Pradesh,821
Saharsa,Bihar,822
Sahaspur,Uttar Pradesh,823
Sahaswan,Uttar Pradesh,824
Sahawar,Uttar Pradesh,825
Sahibganj,Jharkhand,826
Sahjanwa,Uttar Pradesh,827
Saidpur,Uttar Pradesh,828
Saiha,Mizoram,829
Sailu,Maharashtra,830
Sainthia,West Bengal,831
Sakaleshapura,Karnataka,832
Sakti,Chhattisgarh,833
Salaya,Gujarat,834
Salem,Tamil Nadu,835
Salur,Andhra Pradesh,836
Samalkha,Haryana,837
Samalkot,Andhra Pradesh,838
Samana,Punjab,839
Samastipur,Bihar,840
Sambalpur,Odisha,841
Sambhal,Uttar Pradesh,842
Sambhar,Rajasthan,843
Samdhan,Uttar Pradesh,844
Samthar,Uttar Pradesh,845
Sanand,Gujarat,846
Sanawad,Madhya Pradesh,847
Sanchore,Rajasthan,848
Sarsod,Haryana,849
Sindagi,Karnataka,850
Sandi,Uttar Pradesh,851
Sandila,Uttar Pradesh,852
Sanduru,Karnataka,853
Sangamner,Maharashtra,854
Sangareddy,Telangana,855
Sangaria,Rajasthan,856
Sangli,Maharashtra,857
Sangole,Maharashtra,858
Sangrur,Punjab,859
Sankarankoil,Tamil Nadu,860
Sankari,Tamil Nadu,861
Sankeshwara,Karnataka,862
Santipur,West Bengal,863
Sarangpur,Madhya Pradesh,864
Sardarshahar,Rajasthan,865
Sardhana,Uttar Pradesh,866
Sarni,Madhya Pradesh,867
Sasaram,Bihar,868
Sasvad,Maharashtra,869
Satana,Maharashtra,870
Satara,Maharashtra,871
Satna,Madhya Pradesh,872
Sathyamangalam,Tamil Nadu,873
Sattenapalle,Andhra Pradesh,874
Sattur,Tamil Nadu,875
Saunda,Jharkhand,876
Saundatti-Yellamma,Karnataka,877
Sausar,Madhya Pradesh,878
Savarkundla,Gujarat,879
Savanur,Karnataka,880
Savner,Maharashtra,881
Sawai Madhopur,Rajasthan,882
Sawantwadi,Maharashtra,883
Sedam,Karnataka,884
Sehore,Madhya Pradesh,885
Sendhwa,Madhya Pradesh,886
Seohara,Uttar Pradesh,887
Seoni,Madhya Pradesh,888
Seoni-Malwa,Madhya Pradesh,889
Shahabad,Karnataka,890
"Shahabad, Hardoi",Uttar Pradesh,891
"Shahabad, Rampur",Uttar Pradesh,892
Shahade,Maharashtra,893
Shahbad,Haryana,894
Shahdol,Madhya Pradesh,895
Shahganj,Uttar Pradesh,896
Shahjahanpur,Uttar Pradesh,897
Shahpur,Karnataka,898
Shahpura,Rajasthan,899
Shahpura,Rajasthan,900
Shajapur,Madhya Pradesh,901
Shamgarh,Madhya Pradesh,902
Shamli,Uttar Pradesh,903
"Shamsabad, Agra",Uttar Pradesh,904
"Shamsabad, Farrukhabad",Uttar Pradesh,905
Shegaon,Maharashtra,906
Sheikhpura,Bihar,907
Shendurjana,Maharashtra,908
Shenkottai,Tamil Nadu,909
Sheoganj,Rajasthan,910
Sheohar,Bihar,911
Sheopur,Madhya Pradesh,912
Sherghati,Bihar,913
Sherkot,Uttar Pradesh,914
Shiggaon,Karnataka,915
Shikaripur,Karnataka,916
"Shikarpur, Bulandshahr",Uttar Pradesh,917
Shikohabad,Uttar Pradesh,918
Shillong,Meghalaya,919
Shimla,Himachal Pradesh,920
Shivamogga,Karnataka,921
Shirdi,Maharashtra,922
Shirpur-Warwade,Maharashtra,923
Shirur,Maharashtra,924
Shishgarh,Uttar Pradesh,925
Shivpuri,Madhya Pradesh,926
Sholavandan,Tamil Nadu,927
Sholingur,Tamil Nadu,928
Shoranur,Kerala,929
Surapura,Karnataka,930
Shrigonda,Maharashtra,931
Shrirampur,Maharashtra,932
Shrirangapattana,Karnataka,933
Shujalpur,Madhya Pradesh,934
Siana,Uttar Pradesh,935
Sibsagar,Assam,936
Siddipet,Telangana,937
Sidhi,Madhya Pradesh,938
Sidhpur,Gujarat,939
Sidlaghatta,Karnataka,940
Sihor,Gujarat,941
Sihora,Madhya Pradesh,942
Sikanderpur,Uttar Pradesh,943
Sikandra Rao,Uttar Pradesh,944
Sikandrabad,Uttar Pradesh,945
Sikar,Rajasthan,946
Silao,Bihar,947
Silapathar,Assam,948
Silchar,Assam,949
Siliguri,West Bengal,950
Sillod,Maharashtra,951
Silvassa,Dadra and Nagar Haveli,952
Simdega,Jharkhand,953
Sindhagi,Karnataka,954
Sindhnur,Karnataka,955
Singrauli,Madhya Pradesh,956
Sinnar,Maharashtra,957
Sira,Karnataka,958
Sircilla,Telangana,959
Sirhind Fatehgarh Sahib,Punjab,960
Sirkali,Tamil Nadu,961
Sirohi,Rajasthan,962
Sironj,Madhya Pradesh,963
Sirsa,Haryana,964
Sirsaganj,Uttar Pradesh,965
Sirsi,Karnataka,966
Sirsi,Uttar Pradesh,967
Siruguppa,Karnataka,968
Sitamarhi,Bihar,969
Sitapur,Uttar Pradesh,970
Sitarganj,Uttarakhand,971
Sivaganga,Tamil Nadu,972
Sivagiri,Tamil Nadu,973
Sivakasi,Tamil Nadu,974
Siwan,Bihar,975
Sohagpur,Madhya Pradesh,976
Sohna,Haryana,977
Sojat,Rajasthan,978
Solan,Himachal Pradesh,979
Solapur,Maharashtra,980
Sonamukhi,West Bengal,981
Sonepur,Bihar,982
Songadh,Gujarat,983
Sonipat,Haryana,984
Sopore,Jammu and Kashmir,985
Soro,Odisha,986
Soron,Uttar Pradesh,987
Soyagaon,Maharashtra,988
Sri Madhopur,Rajasthan,989
Srikakulam,Andhra Pradesh,990
Srikalahasti,Andhra Pradesh,991
Srinagar,Jammu and Kashmir,992
Srinagar,Uttarakhand,993
Srinivaspur,Karnataka,994
Srisailam Project (Right Flank Colony) Township,Andhra Pradesh,995
Srirampore,West Bengal,996
Srivilliputhur,Tamil Nadu,997
Suar,Uttar Pradesh,998
Sugauli,Bihar,999
Sujangarh,Rajasthan,1000
Sujanpur,Punjab,1001
Sultanganj,Bihar,1002
Sullurpeta,Andhra Pradesh,1003
Sultanpur,Uttar Pradesh,1004
Sumerpur,Rajasthan,1005
Sumerpur,Uttar Pradesh,1006
Sunabeda,Odisha,1007
Sunam,Punjab,1008
Sundargarh,Odisha,1009
Sundarnagar,Himachal Pradesh,1010
Supaul,Bihar,1011
Surandai,Tamil Nadu,1012
Surat,Gujarat,1013
Suratgarh,Rajasthan,1014
Suri,West Bengal,1015
Suriyampalayam,Tamil Nadu,1016
Suryapet,Telangana,1017
Tadepalligudem,Andhra Pradesh,1018
Tadpatri,Andhra Pradesh,1019
Taki,West Bengal,1020
Talaja,Gujarat,1021
Talcher,Odisha,1022
Talegaon Dabhade,Maharashtra,1023
Talikota,Karnataka,1024
Taliparamba,Kerala,1025
Talode,Maharashtra,1026
Talwara,Punjab,1027
Tamluk,West Bengal,1028
Tanda,Uttar Pradesh,1029
Tandur,Telangana,1030
Tanuku,Andhra Pradesh,1031
Tarakeswar,West Bengal,1032
Tarana,Madhya Pradesh,1033
Taranagar,Rajasthan,1034
Taraori,Haryana,1035
Tarbha,Odisha,1036
Tarikere,Karnataka,1037
Tarn Taran,Punjab,1038
Tasgaon,Maharashtra,1039
Tehri,Uttarakhand,1040
Tekkalakote,Karnataka,1041
Tenali,Andhra Pradesh,1042
Tenkasi,Tamil Nadu,1043
Tenu dam-cum-Kathhara,Jharkhand,1044
Terdal,Karnataka,1045
Tezpur,Assam,1046
Thakurdwara,Uttar Pradesh,1047
Thammampatti,Tamil Nadu,1048
Thana Bhawan,Uttar Pradesh,1049
Thane,Maharashtra,1050
Thanesar,Haryana,1051
Thangadh,Gujarat,1052
Thanjavur,Tamil Nadu,1053
Tharad,Gujarat,1054
Tharamangalam,Tamil Nadu,1055
Tharangambadi,Tamil Nadu,1056
Theni Allinagaram,Tamil Nadu,1057
Thirumangalam,Tamil Nadu,1058
Thirupuvanam,Tamil Nadu,1059
Thiruthuraipoondi,Tamil Nadu,1060
Thiruvalla,Kerala,1061
Thiruvallur,Tamil Nadu,1062
Thiruvananthapuram,Kerala,1063
Thiruvarur,Tamil Nadu,1064
Thodupuzha,Kerala,1065
Thoubal,Manipur,1066
Thrissur,Kerala,1067
Thuraiyur,Tamil Nadu,1068
Tikamgarh,Madhya Pradesh,1069
Tilda Newra,Chhattisgarh,1070
Tilhar,Uttar Pradesh,1071
Talikota,Karnataka,1072
Tindivanam,Tamil Nadu,1073
Tinsukia,Assam,1074
Tiptur,Karnataka,1075
Tirora,Maharashtra,1076
Tiruchendur,Tamil Nadu,1077
Tiruchengode,Tamil Nadu,1078
Tiruchirappalli,Tamil Nadu,1079
Tirukalukundram,Tamil Nadu,1080
Tirukkoyilur,Tamil Nadu,1081
Tirunelveli,Tamil Nadu,1082
Tirupathur,Tamil Nadu,1083
Tirupathur,Tamil Nadu,1084
Tirupati,Andhra Pradesh,1085
Tiruppur,Tamil Nadu,1086
Tirur,Kerala,1087
Tiruttani,Tamil Nadu,1088
Tiruvannamalai,Tamil Nadu,1089
Tiruvethipuram,Tamil Nadu,1090
Tiruvuru,Andhra Pradesh,1091
Tirwaganj,Uttar Pradesh,1092
Titlagarh,Odisha,1093
Tittakudi,Tamil Nadu,1094
Todabhim,Rajasthan,1095
Todaraisingh,Rajasthan,1096
Tohana,Haryana,1097
Tonk,Rajasthan,1098
Tuensang,Nagaland,1099
Tuljapur,Maharashtra,1100
Tulsipur,Uttar Pradesh,1101
Tumkur,Karnataka,1102
Tumsar,Maharashtra,1103
Tundla,Uttar Pradesh,1104
Tuni,Andhra Pradesh,1105
Tura,Meghalaya,1106
Uchgaon,Maharashtra,1107
Udaipur,Rajasthan,1108
Udaipur,Tripura,1109
Udaipurwati,Rajasthan,1110
Udgir,Maharashtra,1111
Udhagamandalam,Tamil Nadu,1112
Udhampur,Jammu and Kashmir,1113
Udumalaipettai,Tamil Nadu,1114
Udupi,Karnataka,1115
Ujhani,Uttar Pradesh,1116
Ujjain,Madhya Pradesh,1117
Umarga,Maharashtra,1118
Umaria,Madhya Pradesh,1119
Umarkhed,Maharashtra,1120
Umbergaon,Gujarat,1121
Umred,Maharashtra,1122
Umreth,Gujarat,1123
Una,Gujarat,1124
Unjha,Gujarat,1125
Unnamalaikadai,Tamil Nadu,1126
Unnao,Uttar Pradesh,1127
Upleta,Gujarat,1128
Uran,Maharashtra,1129
Uran Islampur,Maharashtra,1130
Uravakonda,Andhra Pradesh,1131
Urmar Tanda,Punjab,1132
Usilampatti,Tamil Nadu,1133
Uthamapalayam,Tamil Nadu,1134
Uthiramerur,Tamil Nadu,1135
Utraula,Uttar Pradesh,1136
Vadakkuvalliyur,Tamil Nadu,1137
Vadalur,Tamil Nadu,1138
Vadgaon Kasba,Maharashtra,1139
Vadipatti,Tamil Nadu,1140
Vadnagar,Gujarat,1141
Vadodara,Gujarat,1142
Vaijapur,Maharashtra,1143
Vaikom,Kerala,1144
Valparai,Tamil Nadu,1145
Valsad,Gujarat,1146
Vandavasi,Tamil Nadu,1147
Vaniyambadi,Tamil Nadu,1148
Vapi,Gujarat,1149
Vapi,Gujarat,1150
Varanasi,Uttar Pradesh,1151
Varkala,Kerala,1152
Vasai-Virar,Maharashtra,1153
Vatakara,Kerala,1154
Vedaranyam,Tamil Nadu,1155
Vellakoil,Tamil Nadu,1156
Vellore,Tamil Nadu,1157
Venkatagiri,Andhra Pradesh,1158
Veraval,Gujarat,1159
Vidisha,Madhya Pradesh,1160
"Vijainagar, Ajmer",Rajasthan,1161
Vijapur,Gujarat,1162
Vijaypur,Madhya Pradesh,1163
Vijayapura,Karnataka,1164
Vijayawada,Andhra Pradesh,1165
Vikarabad,Telangana,1166
Vikramasingapuram,Tamil Nadu,1167
Viluppuram,Tamil Nadu,1168
Vinukonda,Andhra Pradesh,1169
Viramgam,Gujarat,1170
Virudhachalam,Tamil Nadu,1171
Virudhunagar,Tamil Nadu,1172
Visakhapatnam,Andhra Pradesh,1173
Visnagar,Gujarat,1174
Viswanatham,Tamil Nadu,1175
Vita,Maharashtra,1176
Vizianagaram,Andhra Pradesh,1177
Vrindavan,Uttar Pradesh,1178
Vyara,Gujarat,1179
Wadgaon Road,Maharashtra,1180
Wadhwan,Gujarat,1181
Wadi,Karnataka,1182
Wai,Maharashtra,1183
Wanaparthy,Telangana,1184
Wani,Maharashtra,1185
Wankaner,Gujarat,1186
Wara Seoni,Madhya Pradesh,1187
Warangal,Telangana,1188
Wardha,Maharashtra,1189
Warhapur,Uttar Pradesh,1190
Warisaliganj,Bihar,1191
Warora,Maharashtra,1192
Warud,Maharashtra,1193
Washim,Maharashtra,1194
Wokha,Nagaland,1195
Yadgir,Karnataka,1196
Yamunanagar,Haryana,1197
Yanam,Puducherry,1198
Yavatmal,Maharashtra,1199
Yawal,Maharashtra,1200
Yellandu,Telangana,1201
Yemmiganur,Andhra Pradesh,1202
Yerraguntla,Andhra Pradesh,1203
Yevla,Maharashtra,1204
Zaidpur,Uttar Pradesh,1205
Zamania,Uttar Pradesh,1206
Zira,Punjab,1207
Zirakpur,Punjab,1208
Zunheboto,Nagaland,1209
